#ifndef ICONS_32_H
#define ICONS_32_H
#include <stdint.h>

#define ICON_SIZE 32
#define ICON_COUNT 9

static const uint32_t ICON_SYSMON[1024] = {
  0x00000000, 0x00000000, 0x0100FFFF, 0x0355FFFF, 0x043FFFFF, 0x043FFFFF, 0x043FFFFF, 0x043FFFFF, 
  0x043FFFFF, 0x043FFFFF, 0x043FFFFF, 0x043FFFFF, 0x043FFFFF, 0x043FFFFF, 0x043FFFFF, 0x043FFFFF, 
  0x043FFFFF, 0x043FFFFF, 0x043FFFFF, 0x043FFFFF, 0x043FFFFF, 0x043FFFFF, 0x043FFFFF, 0x043FFFFF, 
  0x043FFFFF, 0x043FFFFF, 0x043FFFFF, 0x043FFFFF, 0x0355FFFF, 0x0100FFFF, 0x00000000, 0x00000000, 
  0x00000000, 0x0100FFFF, 0x00000000, 0x00000000, 0x00000000, 0x00000000, 0x00000000, 0x00000000, 
  0x00000000, 0x00000000, 0x00000000, 0x00000000, 0x00000000, 0x00000000, 0x00000000, 0x00000000, 
  0x00000000, 0x00000000, 0x00000000, 0x00000000, 0x00000000, 0x00000000, 0x00000000, 0x00000000, 
  0x00000000, 0x00000000, 0x00000000, 0x00000000, 0x00000000, 0x00000000, 0x0100FFFF, 0x00000000, 
  0x0100FFFF, 0x00000000, 0x083FFFFF, 0x4B58FFFF, 0x5B56FFFF, 0x5955FFFF, 0x5A55FFFF, 0x5A55FFFF, 
  0x5A55FFFF, 0x5A55FFFF, 0x5A55FFFF, 0x5A55FFFF, 0x5A55FFFF, 0x5A55FFFF, 0x5A55FFFF, 0x5A55FFFF, 
  0x5A55FFFF, 0x5A55FFFF, 0x5A55FFFF, 0x5A55FFFF, 0x5A55FFFF, 0x5A55FFFF, 0x5A55FFFF, 0x5A55FFFF, 
  0x5A55FFFF, 0x5A55FFFF, 0x5955FFFF, 0x5B56FFFF, 0x4B58FFFF, 0x0748FFFF, 0x00000000, 0x0100FFFF, 
  0x0100FFFF, 0x1855FFFF, 0xCA54FFFF, 0xFF58FFFF, 0xFF57FFFF, 0xFF58FFFF, 0xFF58FFFF, 0xFF58FFFF, 
  0xFF58FFFF, 0xFF58FFFF, 0xFF58FFFF, 0xFF58FFFF, 0xFF58FFFF, 0xFF58FFFF, 0xFF58FFFF, 0xFF58FFFF, 
  0xFF58FFFF, 0xFF58FFFF, 0xFF58FFFF, 0xFF58FFFF, 0xFF58FFFF, 0xFF58FFFF, 0xFF58FFFF, 0xFF58FFFF, 
  0xFF58FFFF, 0xFF58FFFF, 0xFF58FFFF, 0xFF57FFFF, 0xFF59FFFF, 0xC855FFFF, 0x1758FFFF, 0x0100FFFF, 
  0x00000000, 0x8455FFFF, 0xFF5EFFFF, 0xFB55FFFF, 0xFF57FFFF, 0xFF58FFFF, 0xFF58FFFF, 0xFF58FFFF, 
  0xFF58FFFF, 0xFF58FFFF, 0xFF58FFFF, 0xFF58FFFF, 0xFF58FFFF, 0xFF58FFFF, 0xFF58FFFF, 0xFF58FFFF, 
  0xFF58FFFF, 0xFF58FFFF, 0xFF58FFFF, 0xFF58FFFF, 0xFF58FFFF, 0xFF58FFFF, 0xFF58FFFF, 0xFF58FFFF, 
  0xFF58FFFF, 0xFF58FFFF, 0xFF58FFFF, 0xFF57FFFF, 0xFB55FFFF, 0xFF5EFFFF, 0x8155FFFF, 0x00000000, 
  0x00000000, 0xA455FFFF, 0xFD5BFFFF, 0xF255FFFF, 0x6255FFFF, 0x5955FFFF, 0x5A55FFFF, 0x5955FFFF, 
  0x5955FFFF, 0x5955FFFF, 0x5955FFFF, 0x5955FFFF, 0x5955FFFF, 0x5955FFFF, 0x5955FFFF, 0x5955FFFF, 
  0x5955FFFF, 0x5955FFFF, 0x5955FFFF, 0x5955FFFF, 0x5955FFFF, 0x5955FFFF, 0x5955FFFF, 0x5955FFFF, 
  0x5955FFFF, 0x5A55FFFF, 0x5955FFFF, 0x6255FFFF, 0xF254FFFF, 0xFD5BFFFF, 0xA455FFFF, 0x00000000, 
  0x00000000, 0xA155FFFF, 0xFF5CFFFF, 0xED55FFFF, 0x00000000, 0x00000000, 0x00000000, 0x00000000, 
  0x00000000, 0x00000000, 0x00000000, 0x00000000, 0x00000000, 0x00000000, 0x00000000, 0x00000000, 
  0x00000000, 0x00000000, 0x00000000, 0x00000000, 0x00000000, 0x00000000, 0x00000000, 0x00000000, 
  0x00000000, 0x00000000, 0x00000000, 0x00000000, 0xED55FFFF, 0xFF5CFFFF, 0xA155FFFF, 0x00000000, 
  0x00000000, 0xA255FFFF, 0xFF5CFFFF, 0xEE54FFFF, 0x115AFFFF, 0x0355FFFF, 0x043FFFFF, 0x043FFFFF, 
  0x043FFFFF, 0x043FFFFF, 0x043FFFFF, 0x043FFFFF, 0x043FFFFF, 0x043FFFFF, 0x043FFFFF, 0x043FFFFF, 
  0x043FFFFF, 0x043FFFFF, 0x043FFFFF, 0x043FFFFF, 0x043FFFFF, 0x043FFFFF, 0x043FFFFF, 0x043FFFFF, 
  0x043FFFFF, 0x043FFFFF, 0x0355FFFF, 0x115AFFFF, 0xEE54FFFF, 0xFF5CFFFF, 0xA255FFFF, 0x00000000, 
  0x00000000, 0xA255FFFF, 0xFF5CFFFF, 0xEE54FFFF, 0x0E5BFFFF, 0x00000000, 0x0100FFFF, 0x00000000, 
  0x00000000, 0x00000000, 0x00000000, 0x00000000, 0x00000000, 0x00000000, 0x00000000, 0x00000000, 
  0x00000000, 0x00000000, 0x00000000, 0x00000000, 0x00000000, 0x00000000, 0x00000000, 0x00000000, 
  0x00000000, 0x0100FFFF, 0x00000000, 0x0E5BFFFF, 0xEE54FFFF, 0xFF5CFFFF, 0xA255FFFF, 0x00000000, 
  0x00000000, 0xA255FFFF, 0xFF5CFFFF, 0xEE54FFFF, 0x0E5BFFFF, 0x00000000, 0x0100FFFF, 0x00000000, 
  0x00000000, 0x00000000, 0x00000000, 0x00000000, 0x00000000, 0x00000000, 0x00000000, 0x00000000, 
  0x00000000, 0x00000000, 0x00000000, 0x00000000, 0x00000000, 0x00000000, 0x00000000, 0x00000000, 
  0x00000000, 0x0100FFFF, 0x00000000, 0x0E5BFFFF, 0xEE54FFFF, 0xFF5CFFFF, 0xA255FFFF, 0x00000000, 
  0x00000000, 0xA255FFFF, 0xFF5CFFFF, 0xEE54FFFF, 0x0E5BFFFF, 0x00000000, 0x0100FFFF, 0x00000000, 
  0x00000000, 0x00000000, 0x00000000, 0x00000000, 0x00000000, 0x00000000, 0x00000000, 0x00000000, 
  0x00000000, 0x00000000, 0x00000000, 0x00000000, 0x00000000, 0x00000000, 0x00000000, 0x00000000, 
  0x00000000, 0x0100FFFF, 0x00000000, 0x0E5BFFFF, 0xEE54FFFF, 0xFF5CFFFF, 0xA255FFFF, 0x00000000, 
  0x00000000, 0xA255FFFF, 0xFF5CFFFF, 0xEE54FFFF, 0x0E5BFFFF, 0x00000000, 0x0100FFFF, 0x00000000, 
  0x00000000, 0x00000000, 0x00000000, 0x00000000, 0x00000000, 0x00000000, 0x00000000, 0x00000000, 
  0x00000000, 0x00000000, 0x00000000, 0x00000000, 0x00000000, 0x00000000, 0x00000000, 0x00000000, 
  0x00000000, 0x0100FFFF, 0x00000000, 0x0E5BFFFF, 0xEE54FFFF, 0xFF5CFFFF, 0xA255FFFF, 0x00000000, 
  0x00000000, 0xA255FFFF, 0xFF5CFFFF, 0xEE54FFFF, 0x0E5BFFFF, 0x00000000, 0x0100FFFF, 0x00000000, 
  0x00000000, 0x00000000, 0x00000000, 0x00000000, 0x00000000, 0x00000000, 0x00000000, 0x00000000, 
  0x00000000, 0x00000000, 0x00000000, 0x00000000, 0x00000000, 0x00000000, 0x00000000, 0x00000000, 
  0x00000000, 0x0100FFFF, 0x00000000, 0x0E5BFFFF, 0xEE54FFFF, 0xFF5CFFFF, 0xA255FFFF, 0x00000000, 
  0x00000000, 0xA255FFFF, 0xFF5CFFFF, 0xEE54FFFF, 0x0E5BFFFF, 0x00000000, 0x0100FFFF, 0x00000000, 
  0x00000000, 0x00000000, 0x00000000, 0x00000000, 0x00000000, 0x00000000, 0x00000000, 0x00000000, 
  0x00000000, 0x00000000, 0x00000000, 0x00000000, 0x00000000, 0x00000000, 0x00000000, 0x00000000, 
  0x00000000, 0x0100FFFF, 0x00000000, 0x0E5BFFFF, 0xEE54FFFF, 0xFF5CFFFF, 0xA255FFFF, 0x00000000, 
  0x00000000, 0xA255FFFF, 0xFF5CFFFF, 0xEE54FFFF, 0x0E5BFFFF, 0x00000000, 0x0100FFFF, 0x00000000, 
  0x00000000, 0x00000000, 0x00000000, 0x00000000, 0x00000000, 0x00000000, 0x00000000, 0x00000000, 
  0x00000000, 0x00000000, 0x00000000, 0x00000000, 0x00000000, 0x00000000, 0x00000000, 0x00000000, 
  0x00000000, 0x0100FFFF, 0x00000000, 0x0E5BFFFF, 0xEE54FFFF, 0xFF5CFFFF, 0xA255FFFF, 0x00000000, 
  0x00000000, 0xA255FFFF, 0xFF5CFFFF, 0xEE54FFFF, 0x0E5BFFFF, 0x00000000, 0x0100FFFF, 0x00000000, 
  0x00000000, 0x00000000, 0x00000000, 0x00000000, 0x00000000, 0x00000000, 0x00000000, 0x00000000, 
  0x00000000, 0x00000000, 0x00000000, 0x00000000, 0x00000000, 0x00000000, 0x00000000, 0x00000000, 
  0x00000000, 0x0100FFFF, 0x00000000, 0x0E5BFFFF, 0xEE54FFFF, 0xFF5CFFFF, 0xA255FFFF, 0x00000000, 
  0x00000000, 0xA255FFFF, 0xFF5CFFFF, 0xEE54FFFF, 0x0E5BFFFF, 0x00000000, 0x0100FFFF, 0x00000000, 
  0x00000000, 0x00000000, 0x00000000, 0x00000000, 0x00000000, 0x00000000, 0x00000000, 0x00000000, 
  0x00000000, 0x00000000, 0x00000000, 0x00000000, 0x00000000, 0x00000000, 0x00000000, 0x00000000, 
  0x00000000, 0x0100FFFF, 0x00000000, 0x0E5BFFFF, 0xEE54FFFF, 0xFF5CFFFF, 0xA255FFFF, 0x00000000, 
  0x00000000, 0xA255FFFF, 0xFF5CFFFF, 0xEE54FFFF, 0x0E5BFFFF, 0x00000000, 0x0100FFFF, 0x00000000, 
  0x00000000, 0x00000000, 0x00000000, 0x00000000, 0x00000000, 0x00000000, 0x00000000, 0x00000000, 
  0x00000000, 0x00000000, 0x00000000, 0x00000000, 0x00000000, 0x00000000, 0x00000000, 0x00000000, 
  0x00000000, 0x0100FFFF, 0x00000000, 0x0E5BFFFF, 0xEE54FFFF, 0xFF5CFFFF, 0xA255FFFF, 0x00000000, 
  0x00000000, 0xA255FFFF, 0xFF5CFFFF, 0xEE54FFFF, 0x0E5BFFFF, 0x00000000, 0x0100FFFF, 0x00000000, 
  0x00000000, 0x00000000, 0x00000000, 0x00000000, 0x00000000, 0x00000000, 0x00000000, 0x00000000, 
  0x00000000, 0x00000000, 0x00000000, 0x00000000, 0x00000000, 0x00000000, 0x00000000, 0x00000000, 
  0x00000000, 0x0100FFFF, 0x00000000, 0x0E5BFFFF, 0xEE54FFFF, 0xFF5CFFFF, 0xA255FFFF, 0x00000000, 
  0x00000000, 0xA255FFFF, 0xFF5CFFFF, 0xEE54FFFF, 0x105FFFFF, 0x027FFFFF, 0x0355FFFF, 0x027FFFFF, 
  0x027FFFFF, 0x027FFFFF, 0x027FFFFF, 0x027FFFFF, 0x027FFFFF, 0x027FFFFF, 0x027FFFFF, 0x027FFFFF, 
  0x027FFFFF, 0x027FFFFF, 0x027FFFFF, 0x027FFFFF, 0x027FFFFF, 0x027FFFFF, 0x027FFFFF, 0x027FFFFF, 
  0x027FFFFF, 0x0355FFFF, 0x027FFFFF, 0x105FFFFF, 0xEE54FFFF, 0xFF5CFFFF, 0xA255FFFF, 0x00000000, 
  0x00000000, 0xA255FFFF, 0xFF5CFFFF, 0xEE54FFFF, 0x0566FFFF, 0x00000000, 0x00000000, 0x00000000, 
  0x00000000, 0x00000000, 0x00000000, 0x00000000, 0x00000000, 0x00000000, 0x00000000, 0x00000000, 
  0x00000000, 0x00000000, 0x00000000, 0x00000000, 0x00000000, 0x00000000, 0x00000000, 0x00000000, 
  0x00000000, 0x00000000, 0x00000000, 0x0566FFFF, 0xEE54FFFF, 0xFF5CFFFF, 0xA255FFFF, 0x00000000, 
  0x00000000, 0xA255FFFF, 0xFD5BFFFF, 0xF555FFFF, 0xA954FFFF, 0xA354FFFF, 0xA555FFFF, 0xA555FFFF, 
  0xA555FFFF, 0xA555FFFF, 0xA555FFFF, 0xA555FFFF, 0xA555FFFF, 0xA555FFFF, 0xA555FFFF, 0xA555FFFF, 
  0xA555FFFF, 0xA555FFFF, 0xA555FFFF, 0xA555FFFF, 0xA555FFFF, 0xA555FFFF, 0xA555FFFF, 0xA555FFFF, 
  0xA555FFFF, 0xA555FFFF, 0xA354FFFF, 0xA954FFFF, 0xF555FFFF, 0xFD5BFFFF, 0xA255FFFF, 0x00000000, 
  0x00000000, 0x5F55FFFF, 0xFF5CFFFF, 0xFF57FFFF, 0xFF5BFFFF, 0xFF5BFFFF, 0xFF5BFFFF, 0xFF5BFFFF, 
  0xFF5BFFFF, 0xFF5BFFFF, 0xFF5BFFFF, 0xFF5BFFFF, 0xFF5BFFFF, 0xFF5BFFFF, 0xFF5AFFFF, 0xFF5AFFFF, 
  0xFF5AFFFF, 0xFF5AFFFF, 0xFF5BFFFF, 0xFF5BFFFF, 0xFF5BFFFF, 0xFF5BFFFF, 0xFF5BFFFF, 0xFF5BFFFF, 
  0xFF5BFFFF, 0xFF5BFFFF, 0xFF5BFFFF, 0xFF5BFFFF, 0xFF57FFFF, 0xFF5CFFFF, 0x5F53FFFF, 0x00000000, 
  0x0100FFFF, 0x0100FFFF, 0x7F54FFFF, 0xE456FFFF, 0xED55FFFF, 0xED55FFFF, 0xEE54FFFF, 0xEE54FFFF, 
  0xEE54FFFF, 0xEE54FFFF, 0xEE54FFFF, 0xEE54FFFF, 0xEE54FFFF, 0xF754FFFF, 0xFB55FFFF, 0xFB55FFFF, 
  0xFB55FFFF, 0xFB55FFFF, 0xF754FFFF, 0xEE54FFFF, 0xEE54FFFF, 0xEE54FFFF, 0xEE54FFFF, 0xEE54FFFF, 
  0xEE54FFFF, 0xEE54FFFF, 0xED55FFFF, 0xED55FFFF, 0xE456FFFF, 0x7E55FFFF, 0x0100FFFF, 0x0100FFFF, 
  0x00000000, 0x00000000, 0x00000000, 0x0955FFFF, 0x0E5BFFFF, 0x0E5BFFFF, 0x0E5BFFFF, 0x0E5BFFFF, 
  0x0E5BFFFF, 0x0E5BFFFF, 0x0F55FFFF, 0x135DFFFF, 0x115AFFFF, 0xAB55FFFF, 0xFF5AFFFF, 0xFB55FFFF, 
  0xFB55FFFF, 0xFF5AFFFF, 0xAB55FFFF, 0x115AFFFF, 0x135DFFFF, 0x0F55FFFF, 0x0E5BFFFF, 0x0E5BFFFF, 
  0x0E5BFFFF, 0x0E5BFFFF, 0x0E5BFFFF, 0x0E5BFFFF, 0x0955FFFF, 0x00000000, 0x00000000, 0x00000000, 
  0x00000000, 0x00000000, 0x027FFFFF, 0x00000000, 0x00000000, 0x00000000, 0x00000000, 0x00000000, 
  0x00000000, 0x00000000, 0x00000000, 0x00000000, 0x00000000, 0x9E55FFFF, 0xFF5AFFFF, 0xFB55FFFF, 
  0xFB55FFFF, 0xFF5AFFFF, 0x9E55FFFF, 0x00000000, 0x00000000, 0x00000000, 0x00000000, 0x00000000, 
  0x00000000, 0x00000000, 0x00000000, 0x00000000, 0x00000000, 0x027FFFFF, 0x00000000, 0x00000000, 
  0x00000000, 0x00000000, 0x00000000, 0x0100FFFF, 0x0100FFFF, 0x0100FFFF, 0x0100FFFF, 0x0100FFFF, 
  0x027FFFFF, 0x0100FFFF, 0x2057FFFF, 0x5E56FFFF, 0x5856FFFF, 0xC555FFFF, 0xFF58FFFF, 0xFC55FFFF, 
  0xFC55FFFF, 0xFF58FFFF, 0xC555FFFF, 0x5856FFFF, 0x5E56FFFF, 0x2057FFFF, 0x0100FFFF, 0x027FFFFF, 
  0x0100FFFF, 0x0100FFFF, 0x0100FFFF, 0x0100FFFF, 0x0100FFFF, 0x00000000, 0x00000000, 0x00000000, 
  0x00000000, 0x00000000, 0x00000000, 0x00000000, 0x00000000, 0x00000000, 0x00000000, 0x00000000, 
  0x043FFFFF, 0x00000000, 0x5D55FFFF, 0xFF5BFFFF, 0xFF56FFFF, 0xFF55FFFF, 0xFD54FFFF, 0xFD54FFFF, 
  0xFD54FFFF, 0xFD54FFFF, 0xFF55FFFF, 0xFF56FFFF, 0xFF5BFFFF, 0x5C55FFFF, 0x00000000, 0x0355FFFF, 
  0x00000000, 0x00000000, 0x00000000, 0x00000000, 0x00000000, 0x00000000, 0x00000000, 0x00000000, 
  0x00000000, 0x00000000, 0x00000000, 0x00000000, 0x00000000, 0x00000000, 0x00000000, 0x00000000, 
  0x043FFFFF, 0x00000000, 0x5D55FFFF, 0xFF5BFFFF, 0xFF57FFFF, 0xFF58FFFF, 0xFF58FFFF, 0xFF58FFFF, 
  0xFF58FFFF, 0xFF58FFFF, 0xFF58FFFF, 0xFF57FFFF, 0xFF5BFFFF, 0x5C55FFFF, 0x00000000, 0x0355FFFF, 
  0x00000000, 0x00000000, 0x00000000, 0x00000000, 0x00000000, 0x00000000, 0x00000000, 0x00000000, 
  0x00000000, 0x00000000, 0x00000000, 0x00000000, 0x00000000, 0x00000000, 0x00000000, 0x00000000, 
  0x01FFFFFF, 0x00000000, 0x2057FFFF, 0x5C55FFFF, 0x5955FFFF, 0x5A55FFFF, 0x5A55FFFF, 0x5A55FFFF, 
  0x5A55FFFF, 0x5A55FFFF, 0x5A55FFFF, 0x5955FFFF, 0x5C55FFFF, 0x2057FFFF, 0x00000000, 0x01FFFFFF, 
  0x00000000, 0x00000000, 0x00000000, 0x00000000, 0x00000000, 0x00000000, 0x00000000, 0x00000000, 
  0x00000000, 0x00000000, 0x00000000, 0x00000000, 0x00000000, 0x00000000, 0x00000000, 0x00000000, 
  0x00000000, 0x00000000, 0x00000000, 0x00000000, 0x00000000, 0x00000000, 0x00000000, 0x00000000, 
  0x00000000, 0x00000000, 0x00000000, 0x00000000, 0x00000000, 0x00000000, 0x00000000, 0x00000000, 
  0x00000000, 0x00000000, 0x00000000, 0x00000000, 0x00000000, 0x00000000, 0x00000000, 0x00000000, 
  0x00000000, 0x00000000, 0x00000000, 0x00000000, 0x00000000, 0x00000000, 0x00000000, 0x00000000, 
  0x00000000, 0x00000000, 0x0100FFFF, 0x043FFFFF, 0x043FFFFF, 0x043FFFFF, 0x043FFFFF, 0x043FFFFF, 
  0x043FFFFF, 0x043FFFFF, 0x043FFFFF, 0x043FFFFF, 0x043FFFFF, 0x0100FFFF, 0x00000000, 0x00000000, 
  0x00000000, 0x00000000, 0x00000000, 0x00000000, 0x00000000, 0x00000000, 0x00000000, 0x00000000

};

static const uint32_t ICON_CALC[1024] = {
  0x00000000, 0x00000000, 0x00000000, 0x00000000, 0x00000000, 0x00000000, 0x00000000, 0x00000000, 
  0x02FFFF7F, 0x04FFFF3F, 0x04FFFF3F, 0x04FFFF3F, 0x04FFFF3F, 0x04FFFF3F, 0x04FFFF3F, 0x04FFFF3F, 
  0x04FFFF3F, 0x04FFFF3F, 0x04FFFF3F, 0x04FFFF3F, 0x04FFFF3F, 0x04FFFF3F, 0x04FFFF3F, 0x02FFFF7F, 
  0x00000000, 0x00000000, 0x00000000, 0x00000000, 0x00000000, 0x00000000, 0x00000000, 0x00000000, 
  0x00000000, 0x00000000, 0x00000000, 0x00000000, 0x00000000, 0x00000000, 0x00000000, 0x01FFFF00, 
  0x00000000, 0x00000000, 0x00000000, 0x00000000, 0x00000000, 0x00000000, 0x00000000, 0x00000000, 
  0x00000000, 0x00000000, 0x00000000, 0x00000000, 0x00000000, 0x00000000, 0x00000000, 0x00000000, 
  0x01FFFF00, 0x00000000, 0x00000000, 0x00000000, 0x00000000, 0x00000000, 0x00000000, 0x00000000, 
  0x00000000, 0x00000000, 0x00000000, 0x00000000, 0x00000000, 0x00000000, 0x01FFFF00, 0x00000000, 
  0x37FFFF58, 0x5CFFFF55, 0x59FFFF55, 0x5AFFFF55, 0x5AFFFF55, 0x5AFFFF55, 0x5AFFFF55, 0x5AFFFF55, 
  0x5AFFFF55, 0x5AFFFF55, 0x5AFFFF55, 0x5AFFFF55, 0x5AFFFF55, 0x59FFFF55, 0x5CFFFF55, 0x37FFFF58, 
  0x00000000, 0x01FFFF00, 0x00000000, 0x00000000, 0x00000000, 0x00000000, 0x00000000, 0x00000000, 
  0x00000000, 0x00000000, 0x00000000, 0x00000000, 0x00000000, 0x01FFFF00, 0x00000000, 0x8CFFFF55, 
  0xFEFFFF57, 0xFFFFFF58, 0xFFFFFF58, 0xFFFFFF58, 0xFFFFFF58, 0xFFFFFF58, 0xFFFFFF58, 0xFFFFFF58, 
  0xFFFFFF58, 0xFFFFFF58, 0xFFFFFF58, 0xFFFFFF58, 0xFFFFFF58, 0xFFFFFF58, 0xFFFFFF57, 0xFEFFFF57, 
  0x8BFFFF56, 0x00000000, 0x01FFFF00, 0x00000000, 0x00000000, 0x00000000, 0x00000000, 0x00000000, 
  0x00000000, 0x00000000, 0x00000000, 0x00000000, 0x02FFFF7F, 0x00000000, 0x37FFFF58, 0xFFFFFF58, 
  0xFFFFFF56, 0xFFFFFF56, 0xFFFFFF57, 0xFFFFFF57, 0xFFFFFF58, 0xFFFFFF58, 0xFFFFFF58, 0xFFFFFF58, 
  0xFFFFFF58, 0xFFFFFF58, 0xFFFFFF58, 0xFFFFFF58, 0xFFFFFF57, 0xFFFFFF57, 0xFFFFFF56, 0xFFFFFF56, 
  0xFFFFFF58, 0x35FFFF56, 0x00000000, 0x02FFFF7F, 0x00000000, 0x00000000, 0x00000000, 0x00000000, 
  0x00000000, 0x00000000, 0x00000000, 0x00000000, 0x04FFFF3F, 0x00000000, 0x5CFFFF55, 0xFEFFFF58, 
  0xFEFFFF56, 0x93FFFF55, 0x57FFFF55, 0x5CFFFF53, 0x59FFFF55, 0x59FFFF55, 0x59FFFF55, 0x59FFFF55, 
  0x59FFFF55, 0x59FFFF55, 0x59FFFF55, 0x59FFFF55, 0x5CFFFF53, 0x57FFFF55, 0x93FFFF55, 0xFEFFFF56, 
  0xFEFFFF58, 0x5BFFFF56, 0x00000000, 0x04FFFF3F, 0x00000000, 0x00000000, 0x00000000, 0x00000000, 
  0x00000000, 0x00000000, 0x00000000, 0x00000000, 0x04FFFF3F, 0x00000000, 0x58FFFF56, 0xFFFFFF58, 
  0xFFFFFF58, 0x4FFFFF57, 0x00000000, 0x00000000, 0x00000000, 0x00000000, 0x00000000, 0x00000000, 
  0x00000000, 0x00000000, 0x00000000, 0x00000000, 0x00000000, 0x00000000, 0x4FFFFF57, 0xFFFFFF58, 
  0xFFFFFF58, 0x58FFFF56, 0x00000000, 0x04FFFF3F, 0x00000000, 0x00000000, 0x00000000, 0x00000000, 
  0x00000000, 0x00000000, 0x00000000, 0x00000000, 0x04FFFF3F, 0x00000000, 0x59FFFF55, 0xFFFFFF58, 
  0xFFFFFF58, 0x5BFFFF56, 0x03FFFF55, 0x07FFFF48, 0x04FFFF3F, 0x04FFFF3F, 0x04FFFF3F, 0x04FFFF3F, 
  0x04FFFF3F, 0x04FFFF3F, 0x04FFFF3F, 0x04FFFF3F, 0x07FFFF48, 0x03FFFF55, 0x5BFFFF56, 0xFFFFFF58, 
  0xFFFFFF58, 0x59FFFF55, 0x00000000, 0x04FFFF3F, 0x00000000, 0x00000000, 0x00000000, 0x00000000, 
  0x00000000, 0x00000000, 0x00000000, 0x00000000, 0x04FFFF3F, 0x00000000, 0x59FFFF55, 0xFFFFFF58, 
  0xFFFFFF58, 0x5BFFFF56, 0x03FFFF55, 0x07FFFF48, 0x04FFFF3F, 0x04FFFF3F, 0x04FFFF3F, 0x04FFFF3F, 
  0x04FFFF3F, 0x04FFFF3F, 0x04FFFF3F, 0x04FFFF3F, 0x07FFFF48, 0x03FFFF55, 0x5BFFFF56, 0xFFFFFF58, 
  0xFFFFFF58, 0x59FFFF55, 0x00000000, 0x04FFFF3F, 0x00000000, 0x00000000, 0x00000000, 0x00000000, 
  0x00000000, 0x00000000, 0x00000000, 0x00000000, 0x04FFFF3F, 0x00000000, 0x59FFFF55, 0xFFFFFF58, 
  0xFFFFFF58, 0x4FFFFF57, 0x00000000, 0x00000000, 0x00000000, 0x00000000, 0x00000000, 0x00000000, 
  0x00000000, 0x00000000, 0x00000000, 0x00000000, 0x00000000, 0x00000000, 0x4FFFFF57, 0xFFFFFF58, 
  0xFFFFFF58, 0x59FFFF55, 0x00000000, 0x04FFFF3F, 0x00000000, 0x00000000, 0x00000000, 0x00000000, 
  0x00000000, 0x00000000, 0x00000000, 0x00000000, 0x04FFFF3F, 0x00000000, 0x59FFFF55, 0xFFFFFF58, 
  0xFFFFFF56, 0x93FFFF55, 0x57FFFF55, 0x5CFFFF53, 0x5AFFFF55, 0x5AFFFF55, 0x59FFFF55, 0x59FFFF55, 
  0x59FFFF55, 0x59FFFF55, 0x5AFFFF55, 0x5AFFFF55, 0x5CFFFF53, 0x57FFFF55, 0x93FFFF55, 0xFFFFFF56, 
  0xFFFFFF58, 0x59FFFF55, 0x00000000, 0x04FFFF3F, 0x00000000, 0x00000000, 0x00000000, 0x00000000, 
  0x00000000, 0x00000000, 0x00000000, 0x00000000, 0x04FFFF3F, 0x00000000, 0x5AFFFF55, 0xFFFFFF58, 
  0xFDFFFF54, 0xFFFFFF57, 0xFFFFFF57, 0xFFFFFF57, 0xFFFFFF58, 0xFFFFFF58, 0xFFFFFF58, 0xFFFFFF58, 
  0xFFFFFF58, 0xFFFFFF58, 0xFFFFFF58, 0xFFFFFF58, 0xFFFFFF57, 0xFFFFFF57, 0xFFFFFF57, 0xFDFFFF54, 
  0xFFFFFF58, 0x5AFFFF55, 0x00000000, 0x04FFFF3F, 0x00000000, 0x00000000, 0x00000000, 0x00000000, 
  0x00000000, 0x00000000, 0x00000000, 0x00000000, 0x04FFFF3F, 0x00000000, 0x5AFFFF55, 0xFFFFFF58, 
  0xFDFFFF54, 0xFFFFFF57, 0xFFFFFF57, 0xFFFFFF57, 0xFEFFFF55, 0xFDFFFF54, 0xFFFFFF55, 0xFFFFFF57, 
  0xFFFFFF57, 0xFFFFFF55, 0xFDFFFF54, 0xFEFFFF55, 0xFFFFFF57, 0xFFFFFF57, 0xFFFFFF57, 0xFDFFFF54, 
  0xFFFFFF58, 0x5AFFFF55, 0x00000000, 0x04FFFF3F, 0x00000000, 0x00000000, 0x00000000, 0x00000000, 
  0x00000000, 0x00000000, 0x00000000, 0x00000000, 0x04FFFF3F, 0x00000000, 0x59FFFF55, 0xFFFFFF58, 
  0xFFFFFF56, 0x94FFFF56, 0x57FFFF55, 0x65FFFF55, 0xF4FFFF54, 0xFFFFFF59, 0xC5FFFF55, 0x59FFFF55, 
  0x59FFFF55, 0xC5FFFF55, 0xFFFFFF59, 0xF4FFFF54, 0x66FFFF55, 0x57FFFF55, 0x94FFFF56, 0xFFFFFF56, 
  0xFFFFFF58, 0x59FFFF55, 0x00000000, 0x04FFFF3F, 0x00000000, 0x00000000, 0x00000000, 0x00000000, 
  0x00000000, 0x00000000, 0x00000000, 0x00000000, 0x04FFFF3F, 0x00000000, 0x59FFFF55, 0xFFFFFF58, 
  0xFFFFFF58, 0x4EFFFF55, 0x00000000, 0x00000000, 0xEDFFFF55, 0xFFFFFF5B, 0x9EFFFF55, 0x00000000, 
  0x00000000, 0x9EFFFF55, 0xFFFFFF5B, 0xEDFFFF55, 0x00000000, 0x00000000, 0x4EFFFF55, 0xFFFFFF57, 
  0xFFFFFF58, 0x59FFFF55, 0x00000000, 0x04FFFF3F, 0x00000000, 0x00000000, 0x00000000, 0x00000000, 
  0x00000000, 0x00000000, 0x00000000, 0x00000000, 0x04FFFF3F, 0x00000000, 0x59FFFF55, 0xFFFFFF58, 
  0xFFFFFF58, 0x65FFFF55, 0x11FFFF5A, 0x21FFFF55, 0xEFFFFF54, 0xFFFFFF5B, 0xABFFFF55, 0x11FFFF5A, 
  0x11FFFF5A, 0xABFFFF55, 0xFFFFFF5B, 0xEFFFFF54, 0x22FFFF52, 0x11FFFF5A, 0x65FFFF55, 0xFFFFFF57, 
  0xFFFFFF58, 0x59FFFF55, 0x00000000, 0x04FFFF3F, 0x00000000, 0x00000000, 0x00000000, 0x00000000, 
  0x00000000, 0x00000000, 0x00000000, 0x00000000, 0x04FFFF3F, 0x00000000, 0x5AFFFF55, 0xFFFFFF58, 
  0xFDFFFF54, 0xF4FFFF54, 0xEEFFFF54, 0xEFFFFF55, 0xFEFFFF55, 0xFFFFFF55, 0xF9FFFF55, 0xEEFFFF54, 
  0xEEFFFF54, 0xF9FFFF55, 0xFFFFFF55, 0xFEFFFF55, 0xEFFFFF55, 0xEEFFFF54, 0xF4FFFF54, 0xFDFFFF54, 
  0xFFFFFF58, 0x5AFFFF55, 0x00000000, 0x04FFFF3F, 0x00000000, 0x00000000, 0x00000000, 0x00000000, 
  0x00000000, 0x00000000, 0x00000000, 0x00000000, 0x04FFFF3F, 0x00000000, 0x5AFFFF55, 0xFFFFFF58, 
  0xFDFFFF54, 0xFFFFFF59, 0xFFFFFF5C, 0xFFFFFF5B, 0xFFFFFF55, 0xFFFFFF55, 0xFFFFFF57, 0xFFFFFF5C, 
  0xFFFFFF5C, 0xFFFFFF57, 0xFFFFFF55, 0xFFFFFF55, 0xFFFFFF5B, 0xFFFFFF5C, 0xFFFFFF59, 0xFDFFFF54, 
  0xFFFFFF58, 0x5AFFFF55, 0x00000000, 0x04FFFF3F, 0x00000000, 0x00000000, 0x00000000, 0x00000000, 
  0x00000000, 0x00000000, 0x00000000, 0x00000000, 0x04FFFF3F, 0x00000000, 0x59FFFF55, 0xFFFFFF58, 
  0xFEFFFF55, 0xC5FFFF54, 0x9FFFFF55, 0xABFFFF55, 0xF9FFFF55, 0xFFFFFF57, 0xDFFFFF54, 0xA3FFFF54, 
  0xA3FFFF54, 0xDFFFFF54, 0xFFFFFF57, 0xF9FFFF55, 0xABFFFF55, 0x9FFFFF55, 0xC4FFFF54, 0xFEFFFF55, 
  0xFFFFFF58, 0x59FFFF55, 0x00000000, 0x04FFFF3F, 0x00000000, 0x00000000, 0x00000000, 0x00000000, 
  0x00000000, 0x00000000, 0x00000000, 0x00000000, 0x04FFFF3F, 0x00000000, 0x59FFFF55, 0xFFFFFF58, 
  0xFFFFFF58, 0x56FFFF53, 0x00000000, 0x0AFFFF66, 0xECFFFF55, 0xFFFFFF5B, 0xA3FFFF54, 0x00000000, 
  0x00000000, 0xA1FFFF55, 0xFFFFFF5B, 0xEEFFFF54, 0x0BFFFF5C, 0x00000000, 0x54FFFF55, 0xFFFFFF57, 
  0xFFFFFF58, 0x59FFFF55, 0x00000000, 0x04FFFF3F, 0x00000000, 0x00000000, 0x00000000, 0x00000000, 
  0x00000000, 0x00000000, 0x00000000, 0x00000000, 0x04FFFF3F, 0x00000000, 0x59FFFF55, 0xFFFFFF58, 
  0xFFFFFF58, 0x56FFFF53, 0x00000000, 0x0AFFFF66, 0xECFFFF55, 0xFFFFFF5B, 0xA3FFFF54, 0x00000000, 
  0x00000000, 0xA1FFFF55, 0xFFFFFF5B, 0xEEFFFF54, 0x0BFFFF5C, 0x00000000, 0x54FFFF55, 0xFFFFFF57, 
  0xFFFFFF58, 0x59FFFF55, 0x00000000, 0x04FFFF3F, 0x00000000, 0x00000000, 0x00000000, 0x00000000, 
  0x00000000, 0x00000000, 0x00000000, 0x00000000, 0x04FFFF3F, 0x00000000, 0x59FFFF55, 0xFFFFFF58, 
  0xFEFFFF55, 0xC5FFFF54, 0x9FFFFF55, 0xABFFFF55, 0xF9FFFF55, 0xFFFFFF57, 0xDFFFFF54, 0xA3FFFF54, 
  0xA3FFFF54, 0xDFFFFF54, 0xFFFFFF57, 0xF9FFFF55, 0xABFFFF55, 0x9FFFFF55, 0xC4FFFF54, 0xFEFFFF55, 
  0xFFFFFF58, 0x59FFFF55, 0x00000000, 0x04FFFF3F, 0x00000000, 0x00000000, 0x00000000, 0x00000000, 
  0x00000000, 0x00000000, 0x00000000, 0x00000000, 0x04FFFF3F, 0x00000000, 0x5AFFFF55, 0xFFFFFF58, 
  0xFDFFFF54, 0xFFFFFF59, 0xFFFFFF5C, 0xFFFFFF5B, 0xFFFFFF55, 0xFFFFFF55, 0xFFFFFF57, 0xFFFFFF5C, 
  0xFFFFFF5C, 0xFFFFFF57, 0xFFFFFF55, 0xFFFFFF55, 0xFFFFFF5B, 0xFFFFFF5C, 0xFFFFFF59, 0xFDFFFF54, 
  0xFFFFFF58, 0x5AFFFF55, 0x00000000, 0x04FFFF3F, 0x00000000, 0x00000000, 0x00000000, 0x00000000, 
  0x00000000, 0x00000000, 0x00000000, 0x00000000, 0x04FFFF3F, 0x00000000, 0x5AFFFF55, 0xFFFFFF58, 
  0xFDFFFF54, 0xF4FFFF54, 0xEEFFFF54, 0xEFFFFF55, 0xFEFFFF55, 0xFFFFFF55, 0xF9FFFF55, 0xEEFFFF54, 
  0xEEFFFF54, 0xF9FFFF55, 0xFFFFFF55, 0xFEFFFF55, 0xEFFFFF55, 0xEEFFFF54, 0xF4FFFF54, 0xFDFFFF54, 
  0xFFFFFF58, 0x5AFFFF55, 0x00000000, 0x04FFFF3F, 0x00000000, 0x00000000, 0x00000000, 0x00000000, 
  0x00000000, 0x00000000, 0x00000000, 0x00000000, 0x04FFFF3F, 0x00000000, 0x59FFFF55, 0xFFFFFF58, 
  0xFFFFFF58, 0x66FFFF55, 0x11FFFF5A, 0x21FFFF55, 0xEEFFFF54, 0xFFFFFF5B, 0xACFFFF54, 0x11FFFF5A, 
  0x11FFFF5A, 0xAAFFFF55, 0xFFFFFF5B, 0xEFFFFF54, 0x22FFFF52, 0x11FFFF5A, 0x64FFFF56, 0xFFFFFF57, 
  0xFFFFFF58, 0x59FFFF55, 0x00000000, 0x04FFFF3F, 0x00000000, 0x00000000, 0x00000000, 0x00000000, 
  0x00000000, 0x00000000, 0x00000000, 0x00000000, 0x04FFFF3F, 0x00000000, 0x58FFFF56, 0xFFFFFF58, 
  0xFFFFFF58, 0x4FFFFF53, 0x00000000, 0x00000000, 0xECFFFF55, 0xFFFFFF5B, 0x9FFFFF55, 0x00000000, 
  0x00000000, 0x9DFFFF56, 0xFFFFFF5B, 0xEDFFFF55, 0x00000000, 0x00000000, 0x4DFFFF56, 0xFFFFFF57, 
  0xFFFFFF58, 0x58FFFF56, 0x00000000, 0x04FFFF3F, 0x00000000, 0x00000000, 0x00000000, 0x00000000, 
  0x00000000, 0x00000000, 0x00000000, 0x00000000, 0x04FFFF3F, 0x00000000, 0x5CFFFF55, 0xFEFFFF58, 
  0xFEFFFF56, 0x95FFFF55, 0x58FFFF54, 0x65FFFF55, 0xF3FFFF55, 0xFFFFFF59, 0xC5FFFF55, 0x59FFFF55, 
  0x59FFFF55, 0xC4FFFF55, 0xFFFFFF59, 0xF4FFFF54, 0x66FFFF55, 0x58FFFF54, 0x94FFFF56, 0xFEFFFF56, 
  0xFEFFFF58, 0x5BFFFF56, 0x00000000, 0x04FFFF3F, 0x00000000, 0x00000000, 0x00000000, 0x00000000, 
  0x00000000, 0x00000000, 0x00000000, 0x00000000, 0x02FFFF7F, 0x00000000, 0x36FFFF55, 0xFFFFFF58, 
  0xFFFFFF56, 0xFFFFFF56, 0xFFFFFF57, 0xFFFFFF57, 0xFEFFFF55, 0xFDFFFF54, 0xFFFFFF55, 0xFFFFFF57, 
  0xFFFFFF57, 0xFFFFFF55, 0xFDFFFF54, 0xFEFFFF55, 0xFFFFFF57, 0xFFFFFF57, 0xFFFFFF56, 0xFFFFFF56, 
  0xFFFFFF57, 0x35FFFF56, 0x00000000, 0x02FFFF7F, 0x00000000, 0x00000000, 0x00000000, 0x00000000, 
  0x00000000, 0x00000000, 0x00000000, 0x00000000, 0x00000000, 0x01FFFF00, 0x00000000, 0x8BFFFF56, 
  0xFEFFFF57, 0xFFFFFF57, 0xFFFFFF58, 0xFFFFFF58, 0xFFFFFF58, 0xFFFFFF58, 0xFFFFFF58, 0xFFFFFF58, 
  0xFFFFFF58, 0xFFFFFF58, 0xFFFFFF58, 0xFFFFFF58, 0xFFFFFF58, 0xFFFFFF58, 0xFFFFFF57, 0xFEFFFF57, 
  0x8AFFFF55, 0x00000000, 0x01FFFF00, 0x00000000, 0x00000000, 0x00000000, 0x00000000, 0x00000000, 
  0x00000000, 0x00000000, 0x00000000, 0x00000000, 0x00000000, 0x00000000, 0x01FFFF00, 0x00000000, 
  0x36FFFF59, 0x5CFFFF55, 0x59FFFF55, 0x5AFFFF55, 0x5AFFFF55, 0x5AFFFF55, 0x5AFFFF55, 0x5AFFFF55, 
  0x5AFFFF55, 0x5AFFFF55, 0x5AFFFF55, 0x5AFFFF55, 0x5AFFFF55, 0x59FFFF55, 0x5CFFFF55, 0x36FFFF55, 
  0x00000000, 0x01FFFF00, 0x00000000, 0x00000000, 0x00000000, 0x00000000, 0x00000000, 0x00000000, 
  0x00000000, 0x00000000, 0x00000000, 0x00000000, 0x00000000, 0x00000000, 0x00000000, 0x01FFFF00, 
  0x00000000, 0x00000000, 0x00000000, 0x00000000, 0x00000000, 0x00000000, 0x00000000, 0x00000000, 
  0x00000000, 0x00000000, 0x00000000, 0x00000000, 0x00000000, 0x00000000, 0x00000000, 0x00000000, 
  0x01FFFF00, 0x00000000, 0x00000000, 0x00000000, 0x00000000, 0x00000000, 0x00000000, 0x00000000, 
  0x00000000, 0x00000000, 0x00000000, 0x00000000, 0x00000000, 0x00000000, 0x00000000, 0x00000000, 
  0x02FFFF7F, 0x04FFFF3F, 0x04FFFF3F, 0x04FFFF3F, 0x04FFFF3F, 0x04FFFF3F, 0x04FFFF3F, 0x04FFFF3F, 
  0x04FFFF3F, 0x04FFFF3F, 0x04FFFF3F, 0x04FFFF3F, 0x04FFFF3F, 0x04FFFF3F, 0x04FFFF3F, 0x02FFFF7F, 
  0x00000000, 0x00000000, 0x00000000, 0x00000000, 0x00000000, 0x00000000, 0x00000000, 0x00000000

};

static const uint32_t ICON_EDITOR[1024] = {
  0x00000000, 0x00000000, 0x00000000, 0x00000000, 0x00000000, 0x00000000, 0x0100FF00, 0x0355FF55, 
  0x043FFF3F, 0x043FFF3F, 0x043FFF3F, 0x043FFF3F, 0x043FFF3F, 0x043FFF3F, 0x043FFF3F, 0x043FFF3F, 
  0x043FFF3F, 0x043FFF3F, 0x0355FF55, 0x00000000, 0x00000000, 0x00000000, 0x00000000, 0x00000000, 
  0x00000000, 0x00000000, 0x00000000, 0x00000000, 0x00000000, 0x00000000, 0x00000000, 0x00000000, 
  0x00000000, 0x00000000, 0x00000000, 0x00000000, 0x00000000, 0x0100FF00, 0x00000000, 0x00000000, 
  0x00000000, 0x00000000, 0x00000000, 0x00000000, 0x00000000, 0x00000000, 0x00000000, 0x00000000, 
  0x00000000, 0x00000000, 0x00000000, 0x0100FF00, 0x00000000, 0x00000000, 0x00000000, 0x00000000, 
  0x00000000, 0x00000000, 0x00000000, 0x00000000, 0x00000000, 0x00000000, 0x00000000, 0x00000000, 
  0x00000000, 0x00000000, 0x00000000, 0x00000000, 0x0100FF00, 0x00000000, 0x083FFF3F, 0x4B58FF58, 
  0x5C55FF55, 0x5955FF55, 0x5A55FF55, 0x5A55FF55, 0x5A55FF55, 0x5A55FF55, 0x5A55FF55, 0x5A55FF55, 
  0x5955FF55, 0x5C55FF55, 0x4A56FF56, 0x00000000, 0x0100FF00, 0x0100FF00, 0x00000000, 0x00000000, 
  0x00000000, 0x00000000, 0x00000000, 0x00000000, 0x00000000, 0x00000000, 0x00000000, 0x00000000, 
  0x00000000, 0x00000000, 0x00000000, 0x0100FF00, 0x0100FF00, 0x1855FF55, 0xC955FF55, 0xFF58FF58, 
  0xFF58FF58, 0xFF58FF58, 0xFF58FF58, 0xFF58FF58, 0xFF58FF58, 0xFF58FF58, 0xFF58FF58, 0xFF58FF58, 
  0xFF58FF58, 0xFF59FF59, 0xFF58FF58, 0x8055FF55, 0x00000000, 0x0355FF55, 0x0100FF00, 0x00000000, 
  0x00000000, 0x00000000, 0x00000000, 0x00000000, 0x00000000, 0x00000000, 0x00000000, 0x00000000, 
  0x00000000, 0x00000000, 0x00000000, 0x043FFF3F, 0x00000000, 0x8655FF55, 0xFF5DFF5D, 0xFA55FF55, 
  0xFD54FF54, 0xFD54FF54, 0xFD54FF54, 0xFD54FF54, 0xFD54FF54, 0xFD54FF54, 0xFD54FF54, 0xFD54FF54, 
  0xFB54FF54, 0xEF55FF55, 0xFF58FF58, 0xFF59FF59, 0x8055FF55, 0x00000000, 0x0355FF55, 0x0100FF00, 
  0x00000000, 0x00000000, 0x00000000, 0x00000000, 0x00000000, 0x00000000, 0x00000000, 0x00000000, 
  0x00000000, 0x00000000, 0x00000000, 0x027FFF7F, 0x00000000, 0xA755FF55, 0xFD59FF59, 0xFB55FF55, 
  0xFF55FF55, 0xFF55FF55, 0xFF55FF55, 0xFF55FF55, 0xFF55FF55, 0xFF55FF55, 0xFF55FF55, 0xFE54FF54, 
  0xFE57FF57, 0x6855FF55, 0xAE55FF55, 0xFF5BFF5B, 0xFF58FF58, 0x8155FF55, 0x00000000, 0x0355FF55, 
  0x0100FF00, 0x00000000, 0x00000000, 0x00000000, 0x00000000, 0x00000000, 0x00000000, 0x00000000, 
  0x00000000, 0x00000000, 0x00000000, 0x027FFF7F, 0x00000000, 0xA455FF55, 0xFF5AFF5A, 0xFB55FF55, 
  0xFF55FF55, 0xFF55FF55, 0xFF55FF55, 0xFF55FF55, 0xFF55FF55, 0xFF55FF55, 0xFF55FF55, 0xFD54FF54, 
  0xFF59FF59, 0x5257FF57, 0x0748FF48, 0xC155FF55, 0xFF5AFF5A, 0xFF58FF58, 0x8355FF55, 0x00000000, 
  0x0355FF55, 0x0100FF00, 0x00000000, 0x00000000, 0x00000000, 0x00000000, 0x00000000, 0x00000000, 
  0x00000000, 0x00000000, 0x00000000, 0x027FFF7F, 0x00000000, 0xA555FF55, 0xFF5AFF5A, 0xFB55FF55, 
  0xFF55FF55, 0xFF55FF55, 0xFF55FF55, 0xFF55FF55, 0xFF55FF55, 0xFF55FF55, 0xFF55FF55, 0xFD54FF54, 
  0xFF58FF58, 0x5D55FF55, 0x00000000, 0x104FFF4F, 0xBD55FF55, 0xFF5AFF5A, 0xFF58FF58, 0x8355FF55, 
  0x00000000, 0x0355FF55, 0x0100FF00, 0x00000000, 0x00000000, 0x00000000, 0x00000000, 0x00000000, 
  0x00000000, 0x00000000, 0x00000000, 0x027FFF7F, 0x00000000, 0xA555FF55, 0xFF5AFF5A, 0xFB55FF55, 
  0xFF55FF55, 0xFF55FF55, 0xFF55FF55, 0xFF55FF55, 0xFF55FF55, 0xFF55FF55, 0xFF55FF55, 0xFD54FF54, 
  0xFF58FF58, 0x5A55FF55, 0x0100FF00, 0x00000000, 0x0E48FF48, 0xBD55FF55, 0xFF5AFF5A, 0xFF58FF58, 
  0x8355FF55, 0x00000000, 0x027FFF7F, 0x0100FF00, 0x00000000, 0x00000000, 0x00000000, 0x00000000, 
  0x00000000, 0x00000000, 0x00000000, 0x027FFF7F, 0x00000000, 0xA555FF55, 0xFF5AFF5A, 0xFB55FF55, 
  0xFF55FF55, 0xFF55FF55, 0xFF55FF55, 0xFF55FF55, 0xFF55FF55, 0xFF55FF55, 0xFF55FF55, 0xFD54FF54, 
  0xFF58FF58, 0x5B54FF54, 0x0100FF00, 0x0748FF48, 0x00000000, 0x0F55FF55, 0xBE54FF54, 0xFF5AFF5A, 
  0xFF59FF59, 0x8355FF55, 0x00000000, 0x0100FF00, 0x0100FF00, 0x00000000, 0x00000000, 0x00000000, 
  0x00000000, 0x00000000, 0x00000000, 0x027FFF7F, 0x00000000, 0xA555FF55, 0xFF5AFF5A, 0xFB55FF55, 
  0xFF55FF55, 0xFF55FF55, 0xFF55FF55, 0xFF55FF55, 0xFF55FF55, 0xFF55FF55, 0xFF55FF55, 0xFD54FF54, 
  0xFF58FF58, 0x5755FF55, 0x00000000, 0x00000000, 0x00000000, 0x00000000, 0x0B45FF45, 0xBB55FF55, 
  0xFF59FF59, 0xFF5AFF5A, 0x7155FF55, 0x00000000, 0x027FFF7F, 0x00000000, 0x00000000, 0x00000000, 
  0x00000000, 0x00000000, 0x00000000, 0x027FFF7F, 0x00000000, 0xA555FF55, 0xFF5AFF5A, 0xFB55FF55, 
  0xFF55FF55, 0xFF55FF55, 0xFF55FF55, 0xFF55FF55, 0xFF55FF55, 0xFF55FF55, 0xFF55FF55, 0xFD54FF54, 
  0xFF58FF58, 0x6355FF55, 0x0E5BFF5B, 0x115AFF5A, 0x0D4EFF4E, 0x104FFF4F, 0x0C55FF55, 0x1D4FFF4F, 
  0xC355FF55, 0xFD5CFF5C, 0xA956FF56, 0x00000000, 0x027FFF7F, 0x00000000, 0x00000000, 0x00000000, 
  0x00000000, 0x00000000, 0x00000000, 0x027FFF7F, 0x00000000, 0xA555FF55, 0xFF5AFF5A, 0xFB55FF55, 
  0xFF55FF55, 0xFF55FF55, 0xFF55FF55, 0xFF55FF55, 0xFF55FF55, 0xFF55FF55, 0xFF55FF55, 0xFF55FF55, 
  0xFF55FF55, 0xF655FF55, 0xF154FF54, 0xF254FF54, 0xF154FF54, 0xF154FF54, 0xF355FF55, 0xEF55FF55, 
  0xEC55FF55, 0xFD5AFF5A, 0xAA54FF54, 0x00000000, 0x027FFF7F, 0x00000000, 0x00000000, 0x00000000, 
  0x00000000, 0x00000000, 0x00000000, 0x027FFF7F, 0x00000000, 0xA555FF55, 0xFF5AFF5A, 0xFB55FF55, 
  0xFE55FF55, 0xFE55FF55, 0xFE55FF55, 0xFE55FF55, 0xFE55FF55, 0xFE55FF55, 0xFE55FF55, 0xFE55FF55, 
  0xFE55FF55, 0xFF56FF56, 0xFF56FF56, 0xFF56FF56, 0xFF56FF56, 0xFF56FF56, 0xFF56FF56, 0xFF56FF56, 
  0xFE55FF55, 0xFF5CFF5C, 0x8055FF55, 0x00000000, 0x027FFF7F, 0x00000000, 0x00000000, 0x00000000, 
  0x00000000, 0x00000000, 0x00000000, 0x027FFF7F, 0x00000000, 0xA555FF55, 0xFF5AFF5A, 0xFB55FF55, 
  0xFF56FF56, 0xFF56FF56, 0xFF56FF56, 0xFF56FF56, 0xFF56FF56, 0xFF56FF56, 0xFF56FF56, 0xFF56FF56, 
  0xFF56FF56, 0xFF56FF56, 0xFF56FF56, 0xFF56FF56, 0xFF56FF56, 0xFF56FF56, 0xFF56FF56, 0xFF55FF55, 
  0xFF5BFF5B, 0x9955FF55, 0x0355FF55, 0x0200FF00, 0x0100FF00, 0x00000000, 0x00000000, 0x00000000, 
  0x00000000, 0x00000000, 0x00000000, 0x027FFF7F, 0x00000000, 0xA555FF55, 0xFF5AFF5A, 0xFA55FF55, 
  0xF255FF55, 0xF154FF54, 0xF154FF54, 0xF154FF54, 0xF154FF54, 0xF154FF54, 0xF154FF54, 0xF154FF54, 
  0xF154FF54, 0xF154FF54, 0xF154FF54, 0xF154FF54, 0xF154FF54, 0xF154FF54, 0xF055FF55, 0xF158FF58, 
  0x9855FF55, 0x00000000, 0x043FFF3F, 0x0355FF55, 0x00000000, 0x00000000, 0x00000000, 0x00000000, 
  0x00000000, 0x00000000, 0x00000000, 0x027FFF7F, 0x00000000, 0xA555FF55, 0xFF5BFF5B, 0xEF54FF54, 
  0x1E55FF55, 0x115AFF5A, 0x1255FF55, 0x115AFF5A, 0x115AFF5A, 0x115AFF5A, 0x115AFF5A, 0x115AFF5A, 
  0x115AFF5A, 0x115AFF5A, 0x115AFF5A, 0x115AFF5A, 0x115AFF5A, 0x0E5BFF5B, 0x0E48FF48, 0x0E5BFF5B, 
  0x00000000, 0x0100FF00, 0x00000000, 0x00000000, 0x027FFF7F, 0x00000000, 0x00000000, 0x00000000, 
  0x00000000, 0x00000000, 0x00000000, 0x027FFF7F, 0x00000000, 0xA555FF55, 0xFF5BFF5B, 0xED55FF55, 
  0x00000000, 0x00000000, 0x00000000, 0x00000000, 0x00000000, 0x00000000, 0x00000000, 0x00000000, 
  0x00000000, 0x00000000, 0x00000000, 0x00000000, 0x00000000, 0x00000000, 0x00000000, 0x00000000, 
  0x027FFF7F, 0x00000000, 0x8455FF55, 0x5D55FF55, 0x00000000, 0x027FFF7F, 0x00000000, 0x00000000, 
  0x00000000, 0x00000000, 0x00000000, 0x027FFF7F, 0x00000000, 0xA555FF55, 0xFF5BFF5B, 0xF355FF55, 
  0x6357FF57, 0x5A55FF55, 0x5B54FF54, 0x5A55FF55, 0x5A55FF55, 0x5A55FF55, 0x5A55FF55, 0x5A55FF55, 
  0x5A55FF55, 0x5A55FF55, 0x5A55FF55, 0x5856FF56, 0x6454FF54, 0x1A58FF58, 0x0100FF00, 0x027FFF7F, 
  0x00000000, 0x9C55FF55, 0xFF5CFF5C, 0xFF57FF57, 0x5E54FF54, 0x00000000, 0x027FFF7F, 0x00000000, 
  0x00000000, 0x00000000, 0x00000000, 0x027FFF7F, 0x00000000, 0xA555FF55, 0xFF5AFF5A, 0xFB55FF55, 
  0xFF57FF57, 0xFF58FF58, 0xFF58FF58, 0xFF58FF58, 0xFF58FF58, 0xFF58FF58, 0xFF58FF58, 0xFF58FF58, 
  0xFF58FF58, 0xFF57FF57, 0xFF57FF57, 0xFF5EFF5E, 0xA255FF55, 0x0B5CFF5C, 0x00000000, 0x0655FF55, 
  0x144CFF4C, 0x7155FF55, 0xFF59FF59, 0xFD55FF55, 0xFF57FF57, 0x3D53FF53, 0x00000000, 0x0355FF55, 
  0x00000000, 0x00000000, 0x00000000, 0x027FFF7F, 0x00000000, 0xA555FF55, 0xFF5AFF5A, 0xFB55FF55, 
  0xFF57FF57, 0xFF58FF58, 0xFF58FF58, 0xFF58FF58, 0xFF58FF58, 0xFF58FF58, 0xFF58FF58, 0xFF58FF58, 
  0xFF58FF58, 0xFF57FF57, 0xFF5AFF5A, 0x9756FF56, 0x00000000, 0x00000000, 0x00000000, 0x9E55FF55, 
  0xDB58FF58, 0x1651FF51, 0x6055FF55, 0xFF5CFF5C, 0xD556FF56, 0x2057FF57, 0x0100FF00, 0x01FFFFFF, 
  0x00000000, 0x00000000, 0x00000000, 0x027FFF7F, 0x00000000, 0xA555FF55, 0xFF5BFF5B, 0xF355FF55, 
  0x6357FF57, 0x5A55FF55, 0x5B54FF54, 0x5A55FF55, 0x5A55FF55, 0x5A55FF55, 0x5A55FF55, 0x5A55FF55, 
  0x5955FF55, 0x5B54FF54, 0x5158FF58, 0x0100FF00, 0x0100FF00, 0x00000000, 0x9756FF56, 0xFF59FF59, 
  0xFF59FF59, 0xDA56FF56, 0x2057FF57, 0x5955FF55, 0x2657FF57, 0x00000000, 0x0100FF00, 0x00000000, 
  0x00000000, 0x00000000, 0x00000000, 0x027FFF7F, 0x00000000, 0xA555FF55, 0xFF5BFF5B, 0xED55FF55, 
  0x00000000, 0x00000000, 0x00000000, 0x00000000, 0x00000000, 0x00000000, 0x00000000, 0x00000000, 
  0x00000000, 0x00000000, 0x00000000, 0x027FFF7F, 0x00000000, 0x9655FF55, 0xFF5AFF5A, 0xFC55FF55, 
  0xF854FF54, 0xFF5EFF5E, 0xB455FF55, 0x00000000, 0x00000000, 0x0100FF00, 0x00000000, 0x00000000, 
  0x00000000, 0x00000000, 0x00000000, 0x027FFF7F, 0x00000000, 0xA555FF55, 0xFF5BFF5B, 0xEF54FF54, 
  0x1E55FF55, 0x115AFF5A, 0x1255FF55, 0x115AFF5A, 0x115AFF5A, 0x115AFF5A, 0x0F55FF55, 0x1951FF51, 
  0x0566FF66, 0x043FFF3F, 0x0566FF66, 0x00000000, 0x9555FF55, 0xFF5AFF5A, 0xFC55FF55, 0xFB54FF54, 
  0xFF5AFF5A, 0xD355FF55, 0x2455FF55, 0x043FFF3F, 0x0355FF55, 0x00000000, 0x00000000, 0x00000000, 
  0x00000000, 0x00000000, 0x00000000, 0x027FFF7F, 0x00000000, 0xA555FF55, 0xFF5AFF5A, 0xFA55FF55, 
  0xF255FF55, 0xF154FF54, 0xF154FF54, 0xF154FF54, 0xF154FF54, 0xEE54FF54, 0xF958FF58, 0x8B54FF54, 
  0x043FFF3F, 0x027FFF7F, 0x00000000, 0x9555FF55, 0xFF5AFF5A, 0xFC55FF55, 0xFB54FF54, 0xFF5AFF5A, 
  0xD556FF56, 0x1D57FF57, 0x00000000, 0x0100FF00, 0x00000000, 0x00000000, 0x00000000, 0x00000000, 
  0x00000000, 0x00000000, 0x00000000, 0x027FFF7F, 0x00000000, 0xA455FF55, 0xFF5AFF5A, 0xFB55FF55, 
  0xFF56FF56, 0xFF56FF56, 0xFF56FF56, 0xFF56FF56, 0xFF55FF55, 0xFF5BFF5B, 0x9D56FF56, 0x0355FF55, 
  0x0100FF00, 0x00000000, 0x9555FF55, 0xFF5AFF5A, 0xFC55FF55, 0xFB54FF54, 0xFF5AFF5A, 0xD556FF56, 
  0x1D57FF57, 0x00000000, 0x0355FF55, 0x00000000, 0x00000000, 0x00000000, 0x00000000, 0x00000000, 
  0x00000000, 0x00000000, 0x00000000, 0x027FFF7F, 0x00000000, 0xA755FF55, 0xFD5AFF5A, 0xFA55FF55, 
  0xFE55FF55, 0xFE55FF55, 0xFE55FF55, 0xFB55FF55, 0xFE58FF58, 0xA054FF54, 0x00000000, 0x00000000, 
  0x00000000, 0x9555FF55, 0xFF5AFF5A, 0xFC55FF55, 0xFB54FF54, 0xFF5AFF5A, 0xD355FF55, 0x1D57FF57, 
  0x00000000, 0x0355FF55, 0x00000000, 0x00000000, 0x00000000, 0x00000000, 0x00000000, 0x00000000, 
  0x00000000, 0x00000000, 0x00000000, 0x043FFF3F, 0x00000000, 0x8455FF55, 0xFF5DFF5D, 0xFB55FF55, 
  0xFD54FF54, 0xFD54FF54, 0xFD54FF54, 0xFB54FF54, 0xFD58FF58, 0x5155FF55, 0x00000000, 0x0566FF66, 
  0x9456FF56, 0xFF5AFF5A, 0xFC55FF55, 0xFB54FF54, 0xFF5AFF5A, 0xD355FF55, 0x1B55FF55, 0x00000000, 
  0x0355FF55, 0x00000000, 0x00000000, 0x00000000, 0x00000000, 0x00000000, 0x00000000, 0x00000000, 
  0x00000000, 0x00000000, 0x00000000, 0x0100FF00, 0x0100FF00, 0x1758FF58, 0xC754FF54, 0xFF59FF59, 
  0xFF58FF58, 0xFF58FF58, 0xFF58FF58, 0xFF57FF57, 0xFF5BFF5B, 0x5F55FF55, 0x00000000, 0x115AFF5A, 
  0xF655FF55, 0xFA55FF55, 0xF854FF54, 0xFF59FF59, 0xD355FF55, 0x1B55FF55, 0x00000000, 0x0355FF55, 
  0x00000000, 0x00000000, 0x00000000, 0x00000000, 0x00000000, 0x00000000, 0x00000000, 0x00000000, 
  0x00000000, 0x00000000, 0x00000000, 0x00000000, 0x0100FF00, 0x00000000, 0x0748FF48, 0x4A56FF56, 
  0x5C55FF55, 0x5955FF55, 0x5A55FF55, 0x5955FF55, 0x5D55FF55, 0x2155FF55, 0x00000000, 0x104FFF4F, 
  0xFE54FF54, 0xFF5BFF5B, 0xFF5DFF5D, 0xD556FF56, 0x1C51FF51, 0x00000000, 0x0355FF55, 0x00000000, 
  0x00000000, 0x00000000, 0x00000000, 0x00000000, 0x00000000, 0x00000000, 0x00000000, 0x00000000, 
  0x00000000, 0x00000000, 0x00000000, 0x00000000, 0x00000000, 0x0100FF00, 0x00000000, 0x00000000, 
  0x00000000, 0x00000000, 0x00000000, 0x00000000, 0x00000000, 0x00000000, 0x00000000, 0x0955FF55, 
  0x9A54FF54, 0xA555FF55, 0x9C56FF56, 0x1D57FF57, 0x00000000, 0x0355FF55, 0x00000000, 0x00000000, 
  0x00000000, 0x00000000, 0x00000000, 0x00000000, 0x00000000, 0x00000000, 0x00000000, 0x00000000, 
  0x00000000, 0x00000000, 0x00000000, 0x00000000, 0x00000000, 0x00000000, 0x0100FF00, 0x0355FF55, 
  0x043FFF3F, 0x043FFF3F, 0x043FFF3F, 0x043FFF3F, 0x043FFF3F, 0x0100FF00, 0x00000000, 0x00000000, 
  0x00000000, 0x00000000, 0x00000000, 0x00000000, 0x027FFF7F, 0x00000000, 0x00000000, 0x00000000, 
  0x00000000, 0x00000000, 0x00000000, 0x00000000, 0x00000000, 0x00000000, 0x00000000, 0x00000000

};

static const uint32_t ICON_FILES[1024] = {
  0x00000000, 0x00000000, 0x00000000, 0x00000000, 0x00000000, 0x00000000, 0x00000000, 0x00000000, 
  0x00000000, 0x00000000, 0x00000000, 0x00000000, 0x00000000, 0x00000000, 0x00000000, 0x00000000, 
  0x00000000, 0x00000000, 0x00000000, 0x00000000, 0x00000000, 0x00000000, 0x00000000, 0x00000000, 
  0x00000000, 0x00000000, 0x00000000, 0x00000000, 0x00000000, 0x00000000, 0x00000000, 0x00000000, 
  0x00000000, 0x00000000, 0x00000000, 0x00000000, 0x00000000, 0x00000000, 0x00000000, 0x00000000, 
  0x00000000, 0x00000000, 0x00000000, 0x00000000, 0x00000000, 0x00000000, 0x00000000, 0x00000000, 
  0x00000000, 0x00000000, 0x00000000, 0x00000000, 0x00000000, 0x00000000, 0x00000000, 0x00000000, 
  0x00000000, 0x00000000, 0x00000000, 0x00000000, 0x00000000, 0x00000000, 0x00000000, 0x00000000, 
  0x00000000, 0x00000000, 0x00000000, 0x00000000, 0x00000000, 0x00000000, 0x00000000, 0x00000000, 
  0x00000000, 0x00000000, 0x00000000, 0x00000000, 0x00000000, 0x00000000, 0x00000000, 0x00000000, 
  0x00000000, 0x00000000, 0x00000000, 0x00000000, 0x00000000, 0x00000000, 0x00000000, 0x00000000, 
  0x00000000, 0x00000000, 0x00000000, 0x00000000, 0x00000000, 0x00000000, 0x00000000, 0x00000000, 
  0x00000000, 0x00000000, 0x00000000, 0x01FFFF00, 0x04FF7F00, 0x02FF7F00, 0x02FF7F00, 0x02FF7F00, 
  0x02FF7F00, 0x02FF7F00, 0x02FF7F00, 0x02FF7F00, 0x02FF7F00, 0x03FFAA00, 0x00000000, 0x00000000, 
  0x00000000, 0x00000000, 0x00000000, 0x00000000, 0x00000000, 0x00000000, 0x00000000, 0x00000000, 
  0x00000000, 0x00000000, 0x00000000, 0x00000000, 0x00000000, 0x00000000, 0x00000000, 0x00000000, 
  0x00000000, 0x00000000, 0x01FFFF00, 0x00000000, 0x00000000, 0x00000000, 0x00000000, 0x00000000, 
  0x00000000, 0x00000000, 0x00000000, 0x00000000, 0x00000000, 0x00000000, 0x01FFFF00, 0x00000000, 
  0x00000000, 0x00000000, 0x00000000, 0x00000000, 0x00000000, 0x00000000, 0x00000000, 0x00000000, 
  0x00000000, 0x00000000, 0x00000000, 0x00000000, 0x00000000, 0x00000000, 0x00000000, 0x00000000, 
  0x00000000, 0x01FFFF00, 0x00000000, 0x16FFAD00, 0x84FFAB00, 0xA6FFAC00, 0xA5FFAA00, 0xA5FFAA00, 
  0xA5FFAA00, 0xA5FFAA00, 0xA5FFAA00, 0xA4FFA900, 0xA8FFAE00, 0x70FFA800, 0x00000000, 0x02FF7F00, 
  0x01FFFF00, 0x01FFFF00, 0x01FFFF00, 0x01FFFF00, 0x01FFFF00, 0x01FFFF00, 0x01FFFF00, 0x01FFFF00, 
  0x01FFFF00, 0x01FFFF00, 0x01FFFF00, 0x01FF0000, 0x00000000, 0x00000000, 0x00000000, 0x00000000, 
  0x01FFFF00, 0x01FFFF00, 0x0CFFAA00, 0xCAFFA900, 0xFFFFBB00, 0xFFFFB300, 0xFFFFB400, 0xFFFFB400, 
  0xFFFFB400, 0xFFFFB400, 0xFFFFB400, 0xFFFFB400, 0xFFFFB400, 0xFFFFB500, 0x80FFA900, 0x00000000, 
  0x00000000, 0x00000000, 0x00000000, 0x00000000, 0x00000000, 0x00000000, 0x00000000, 0x00000000, 
  0x00000000, 0x00000000, 0x00000000, 0x00000000, 0x03FFAA00, 0x00000000, 0x00000000, 0x00000000, 
  0x03FFAA00, 0x00000000, 0x4CFFAB00, 0xFFFFB200, 0xFAFFAA00, 0xFBFFAA00, 0xFCFFAA00, 0xFBFFAA00, 
  0xFBFFAA00, 0xFBFFAA00, 0xFBFFAA00, 0xFCFFAA00, 0xFBFFA900, 0xFCFFAB00, 0xFFFFB300, 0x80FFA900, 
  0x0DFFB000, 0x0FFFAA00, 0x0EFFA300, 0x0EFFA300, 0x0EFFA300, 0x0EFFA300, 0x0EFFA300, 0x0EFFA300, 
  0x0EFFA300, 0x0EFFA300, 0x0EFFB600, 0x03FF5500, 0x00000000, 0x01FFFF00, 0x00000000, 0x00000000, 
  0x04FF7F00, 0x00000000, 0x5BFFAA00, 0xFDFFB000, 0xFDFFAA00, 0xFFFFAA00, 0xFFFFAA00, 0xFFFFAA00, 
  0xFFFFAA00, 0xFFFFAA00, 0xFFFFAA00, 0xFFFFAA00, 0xFFFFAA00, 0xFEFFA900, 0xFEFFAA00, 0xFFFFAE00, 
  0xF1FFAA00, 0xF1FFAA00, 0xF1FFAA00, 0xF1FFAA00, 0xF1FFAA00, 0xF1FFAA00, 0xF1FFAA00, 0xF1FFAA00, 
  0xF1FFAA00, 0xF1FFA900, 0xF0FFAC00, 0xCDFFAF00, 0x46FFAB00, 0x00000000, 0x02FF7F00, 0x00000000, 
  0x04FF7F00, 0x00000000, 0x58FFAD00, 0xFFFFB000, 0xFDFFAA00, 0xFFFFAA00, 0xFFFFAA00, 0xFFFFAA00, 
  0xFFFFAA00, 0xFFFFAA00, 0xFFFFAA00, 0xFFFFAA00, 0xFFFFAA00, 0xFFFFAA00, 0xFFFFAA00, 0xFEFFA900, 
  0xFFFFAD00, 0xFFFFAD00, 0xFFFFAD00, 0xFFFFAD00, 0xFFFFAD00, 0xFFFFAD00, 0xFFFFAD00, 0xFFFFAD00, 
  0xFFFFAD00, 0xFFFFAD00, 0xFFFFAC00, 0xFFFFB400, 0xF2FFA900, 0x1EFFAA00, 0x00000000, 0x01FFFF00, 
  0x04FF7F00, 0x00000000, 0x59FFAB00, 0xFFFFB000, 0xFDFFAA00, 0xFFFFAA00, 0xFFFFAA00, 0xFFFFAA00, 
  0xFFFFAA00, 0xFFFFAA00, 0xFFFFAA00, 0xFFFFAA00, 0xFFFFAA00, 0xFFFFAA00, 0xFFFFAA00, 0xFFFFAA00, 
  0xFEFFA900, 0xFEFFA900, 0xFEFFA900, 0xFEFFA900, 0xFEFFA900, 0xFEFFA900, 0xFEFFA900, 0xFEFFA900, 
  0xFEFFA900, 0xFEFFA900, 0xFEFFAA00, 0xFBFFA900, 0xFFFFB000, 0x57FFAA00, 0x00000000, 0x04FF7F00, 
  0x04FF7F00, 0x00000000, 0x59FFAB00, 0xFFFFB000, 0xFDFFAA00, 0xFFFFAA00, 0xFFFFAA00, 0xFFFFAA00, 
  0xFFFFAA00, 0xFFFFAA00, 0xFFFFAA00, 0xFFFFAA00, 0xFFFFAA00, 0xFFFFAA00, 0xFFFFAA00, 0xFFFFAA00, 
  0xFFFFAA00, 0xFFFFAA00, 0xFFFFAA00, 0xFFFFAA00, 0xFFFFAA00, 0xFFFFAA00, 0xFFFFAA00, 0xFFFFAA00, 
  0xFFFFAA00, 0xFFFFAA00, 0xFFFFAA00, 0xFDFFAA00, 0xFEFFB000, 0x5AFFAA00, 0x00000000, 0x04FF7F00, 
  0x04FF7F00, 0x00000000, 0x59FFAB00, 0xFFFFB000, 0xFDFFAA00, 0xFFFFAA00, 0xFFFFAA00, 0xFFFFAA00, 
  0xFFFFAA00, 0xFFFFAA00, 0xFFFFAA00, 0xFFFFAA00, 0xFFFFAA00, 0xFFFFAA00, 0xFFFFAA00, 0xFFFFAA00, 
  0xFFFFAA00, 0xFFFFAA00, 0xFFFFAA00, 0xFFFFAA00, 0xFFFFAA00, 0xFFFFAA00, 0xFFFFAA00, 0xFFFFAA00, 
  0xFFFFAA00, 0xFFFFAA00, 0xFFFFAA00, 0xFDFFAA00, 0xFFFFB000, 0x5AFFAA00, 0x00000000, 0x04FF7F00, 
  0x04FF7F00, 0x00000000, 0x59FFAB00, 0xFFFFB000, 0xFDFFAA00, 0xFFFFAA00, 0xFFFFAA00, 0xFFFFAA00, 
  0xFFFFAA00, 0xFFFFAA00, 0xFFFFAA00, 0xFFFFAA00, 0xFFFFAA00, 0xFFFFAA00, 0xFFFFAA00, 0xFFFFAA00, 
  0xFFFFAA00, 0xFFFFAA00, 0xFFFFAA00, 0xFFFFAA00, 0xFFFFAA00, 0xFFFFAA00, 0xFFFFAA00, 0xFFFFAA00, 
  0xFFFFAA00, 0xFFFFAA00, 0xFFFFAA00, 0xFDFFAA00, 0xFFFFB000, 0x5AFFAA00, 0x00000000, 0x04FF7F00, 
  0x04FF7F00, 0x00000000, 0x59FFAB00, 0xFFFFB000, 0xFDFFAA00, 0xFFFFAA00, 0xFFFFAA00, 0xFFFFAA00, 
  0xFFFFAA00, 0xFFFFAA00, 0xFFFFAA00, 0xFFFFAA00, 0xFFFFAA00, 0xFFFFAA00, 0xFFFFAA00, 0xFFFFAA00, 
  0xFFFFAA00, 0xFFFFAA00, 0xFFFFAA00, 0xFFFFAA00, 0xFFFFAA00, 0xFFFFAA00, 0xFFFFAA00, 0xFFFFAA00, 
  0xFFFFAA00, 0xFFFFAA00, 0xFFFFAA00, 0xFDFFAA00, 0xFFFFB000, 0x5AFFAA00, 0x00000000, 0x04FF7F00, 
  0x04FF7F00, 0x00000000, 0x59FFAB00, 0xFFFFB000, 0xFDFFAA00, 0xFFFFAA00, 0xFFFFAA00, 0xFFFFAA00, 
  0xFFFFAA00, 0xFFFFAA00, 0xFFFFAA00, 0xFFFFAA00, 0xFFFFAA00, 0xFFFFAA00, 0xFFFFAA00, 0xFFFFAA00, 
  0xFFFFAA00, 0xFFFFAA00, 0xFFFFAA00, 0xFFFFAA00, 0xFFFFAA00, 0xFFFFAA00, 0xFFFFAA00, 0xFFFFAA00, 
  0xFFFFAA00, 0xFFFFAA00, 0xFFFFAA00, 0xFDFFAA00, 0xFFFFB000, 0x5AFFAA00, 0x00000000, 0x04FF7F00, 
  0x04FF7F00, 0x00000000, 0x59FFAB00, 0xFFFFB000, 0xFDFFAA00, 0xFFFFAA00, 0xFFFFAA00, 0xFFFFAA00, 
  0xFFFFAA00, 0xFFFFAA00, 0xFFFFAA00, 0xFFFFAA00, 0xFFFFAA00, 0xFFFFAA00, 0xFFFFAA00, 0xFFFFAA00, 
  0xFFFFAA00, 0xFFFFAA00, 0xFFFFAA00, 0xFFFFAA00, 0xFFFFAA00, 0xFFFFAA00, 0xFFFFAA00, 0xFFFFAA00, 
  0xFFFFAA00, 0xFFFFAA00, 0xFFFFAA00, 0xFDFFAA00, 0xFFFFB000, 0x5AFFAA00, 0x00000000, 0x04FF7F00, 
  0x04FF7F00, 0x00000000, 0x59FFAB00, 0xFFFFB000, 0xFDFFAA00, 0xFFFFAA00, 0xFFFFAA00, 0xFFFFAA00, 
  0xFFFFAA00, 0xFFFFAA00, 0xFFFFAA00, 0xFFFFAA00, 0xFFFFAA00, 0xFFFFAA00, 0xFFFFAA00, 0xFFFFAA00, 
  0xFFFFAA00, 0xFFFFAA00, 0xFFFFAA00, 0xFFFFAA00, 0xFFFFAA00, 0xFFFFAA00, 0xFFFFAA00, 0xFFFFAA00, 
  0xFFFFAA00, 0xFFFFAA00, 0xFFFFAA00, 0xFDFFAA00, 0xFFFFB000, 0x5AFFAA00, 0x00000000, 0x04FF7F00, 
  0x04FF7F00, 0x00000000, 0x59FFAB00, 0xFFFFB000, 0xFDFFAA00, 0xFFFFAA00, 0xFFFFAA00, 0xFFFFAA00, 
  0xFFFFAA00, 0xFFFFAA00, 0xFFFFAA00, 0xFFFFAA00, 0xFFFFAA00, 0xFFFFAA00, 0xFFFFAA00, 0xFFFFAA00, 
  0xFFFFAA00, 0xFFFFAA00, 0xFFFFAA00, 0xFFFFAA00, 0xFFFFAA00, 0xFFFFAA00, 0xFFFFAA00, 0xFFFFAA00, 
  0xFFFFAA00, 0xFFFFAA00, 0xFFFFAA00, 0xFDFFAA00, 0xFFFFB000, 0x5AFFAA00, 0x00000000, 0x04FF7F00, 
  0x04FF7F00, 0x00000000, 0x59FFAB00, 0xFFFFB000, 0xFDFFAA00, 0xFFFFAA00, 0xFFFFAA00, 0xFFFFAA00, 
  0xFFFFAA00, 0xFFFFAA00, 0xFFFFAA00, 0xFFFFAA00, 0xFFFFAA00, 0xFFFFAA00, 0xFFFFAA00, 0xFFFFAA00, 
  0xFFFFAA00, 0xFFFFAA00, 0xFFFFAA00, 0xFFFFAA00, 0xFFFFAA00, 0xFFFFAA00, 0xFFFFAA00, 0xFFFFAA00, 
  0xFFFFAA00, 0xFFFFAA00, 0xFFFFAA00, 0xFDFFAA00, 0xFFFFB000, 0x5AFFAA00, 0x00000000, 0x04FF7F00, 
  0x04FF7F00, 0x00000000, 0x59FFAB00, 0xFFFFB000, 0xFDFFAA00, 0xFFFFAA00, 0xFFFFAA00, 0xFFFFAA00, 
  0xFFFFAA00, 0xFFFFAA00, 0xFFFFAA00, 0xFFFFAA00, 0xFFFFAA00, 0xFFFFAA00, 0xFFFFAA00, 0xFFFFAA00, 
  0xFFFFAA00, 0xFFFFAA00, 0xFFFFAA00, 0xFFFFAA00, 0xFFFFAA00, 0xFFFFAA00, 0xFFFFAA00, 0xFFFFAA00, 
  0xFFFFAA00, 0xFFFFAA00, 0xFFFFAA00, 0xFDFFAA00, 0xFFFFB000, 0x5AFFAA00, 0x00000000, 0x04FF7F00, 
  0x04FF7F00, 0x00000000, 0x59FFAB00, 0xFFFFB000, 0xFDFFAA00, 0xFFFFAA00, 0xFFFFAA00, 0xFFFFAA00, 
  0xFFFFAA00, 0xFFFFAA00, 0xFFFFAA00, 0xFFFFAA00, 0xFFFFAA00, 0xFFFFAA00, 0xFFFFAA00, 0xFFFFAA00, 
  0xFFFFAA00, 0xFFFFAA00, 0xFFFFAA00, 0xFFFFAA00, 0xFFFFAA00, 0xFFFFAA00, 0xFFFFAA00, 0xFFFFAA00, 
  0xFFFFAA00, 0xFFFFAA00, 0xFFFFAA00, 0xFDFFAA00, 0xFFFFB000, 0x5AFFAA00, 0x00000000, 0x04FF7F00, 
  0x04FF7F00, 0x00000000, 0x58FFAD00, 0xFFFFB000, 0xFDFFAA00, 0xFFFFAA00, 0xFFFFAA00, 0xFFFFAA00, 
  0xFFFFAA00, 0xFFFFAA00, 0xFFFFAA00, 0xFFFFAA00, 0xFFFFAA00, 0xFFFFAA00, 0xFFFFAA00, 0xFFFFAA00, 
  0xFFFFAA00, 0xFFFFAA00, 0xFFFFAA00, 0xFFFFAA00, 0xFFFFAA00, 0xFFFFAA00, 0xFFFFAA00, 0xFFFFAA00, 
  0xFFFFAA00, 0xFFFFAA00, 0xFFFFAA00, 0xFDFFAA00, 0xFFFFB000, 0x59FFAB00, 0x00000000, 0x04FF7F00, 
  0x04FF7F00, 0x00000000, 0x5BFFAA00, 0xFDFFB000, 0xFDFFAA00, 0xFFFFAA00, 0xFFFFAA00, 0xFFFFAA00, 
  0xFFFFAA00, 0xFFFFAA00, 0xFFFFAA00, 0xFFFFAA00, 0xFFFFAA00, 0xFFFFAA00, 0xFFFFAA00, 0xFFFFAA00, 
  0xFFFFAA00, 0xFFFFAA00, 0xFFFFAA00, 0xFFFFAA00, 0xFFFFAA00, 0xFFFFAA00, 0xFFFFAA00, 0xFFFFAA00, 
  0xFFFFAA00, 0xFFFFAA00, 0xFFFFAA00, 0xFDFFAA00, 0xFDFFB000, 0x5CFFA900, 0x00000000, 0x04FF7F00, 
  0x03FFAA00, 0x00000000, 0x4BFFAA00, 0xFFFFB200, 0xFAFFAA00, 0xFBFFAA00, 0xFCFFAA00, 0xFBFFAA00, 
  0xFBFFAA00, 0xFBFFAA00, 0xFBFFAA00, 0xFBFFAA00, 0xFBFFAA00, 0xFBFFAA00, 0xFBFFAA00, 0xFBFFAA00, 
  0xFBFFAA00, 0xFBFFAA00, 0xFBFFAA00, 0xFBFFAA00, 0xFBFFAA00, 0xFBFFAA00, 0xFBFFAA00, 0xFBFFAA00, 
  0xFBFFAA00, 0xFCFFAA00, 0xFBFFAA00, 0xFAFFAA00, 0xFFFFB100, 0x4AFFA800, 0x00000000, 0x03FFAA00, 
  0x01FFFF00, 0x01FFFF00, 0x0BFFB900, 0xC8FFA900, 0xFFFFBB00, 0xFFFFB300, 0xFFFFB400, 0xFFFFB400, 
  0xFFFFB400, 0xFFFFB400, 0xFFFFB400, 0xFFFFB400, 0xFFFFB400, 0xFFFFB400, 0xFFFFB400, 0xFFFFB400, 
  0xFFFFB400, 0xFFFFB400, 0xFFFFB400, 0xFFFFB400, 0xFFFFB400, 0xFFFFB400, 0xFFFFB400, 0xFFFFB400, 
  0xFFFFB400, 0xFFFFB400, 0xFFFFB300, 0xFFFFBB00, 0xC7FFAA00, 0x0BFFA200, 0x01FFFF00, 0x01FFFF00, 
  0x00000000, 0x01FFFF00, 0x00000000, 0x15FFAA00, 0x83FFAB00, 0xA6FFAC00, 0xA5FFAA00, 0xA5FFAA00, 
  0xA5FFAA00, 0xA5FFAA00, 0xA5FFAA00, 0xA5FFAA00, 0xA5FFAA00, 0xA5FFAA00, 0xA5FFAA00, 0xA5FFAA00, 
  0xA5FFAA00, 0xA5FFAA00, 0xA5FFAA00, 0xA5FFAA00, 0xA5FFAA00, 0xA5FFAA00, 0xA5FFAA00, 0xA5FFAA00, 
  0xA5FFAA00, 0xA5FFAA00, 0xA6FFAC00, 0x82FFAC00, 0x14FFB200, 0x00000000, 0x01FFFF00, 0x00000000, 
  0x00000000, 0x00000000, 0x01FFFF00, 0x00000000, 0x00000000, 0x00000000, 0x00000000, 0x00000000, 
  0x00000000, 0x00000000, 0x00000000, 0x00000000, 0x00000000, 0x00000000, 0x00000000, 0x00000000, 
  0x00000000, 0x00000000, 0x00000000, 0x00000000, 0x00000000, 0x00000000, 0x00000000, 0x00000000, 
  0x00000000, 0x00000000, 0x00000000, 0x00000000, 0x00000000, 0x01FFFF00, 0x00000000, 0x00000000, 
  0x00000000, 0x00000000, 0x00000000, 0x01FFFF00, 0x04FF7F00, 0x02FF7F00, 0x02FF7F00, 0x02FF7F00, 
  0x02FF7F00, 0x02FF7F00, 0x02FF7F00, 0x02FF7F00, 0x02FF7F00, 0x02FF7F00, 0x02FF7F00, 0x02FF7F00, 
  0x02FF7F00, 0x02FF7F00, 0x02FF7F00, 0x02FF7F00, 0x02FF7F00, 0x02FF7F00, 0x02FF7F00, 0x02FF7F00, 
  0x02FF7F00, 0x02FF7F00, 0x02FF7F00, 0x04FF7F00, 0x01FFFF00, 0x00000000, 0x00000000, 0x00000000, 
  0x00000000, 0x00000000, 0x00000000, 0x00000000, 0x00000000, 0x00000000, 0x00000000, 0x00000000, 
  0x00000000, 0x00000000, 0x00000000, 0x00000000, 0x00000000, 0x00000000, 0x00000000, 0x00000000, 
  0x00000000, 0x00000000, 0x00000000, 0x00000000, 0x00000000, 0x00000000, 0x00000000, 0x00000000, 
  0x00000000, 0x00000000, 0x00000000, 0x00000000, 0x00000000, 0x00000000, 0x00000000, 0x00000000, 
  0x00000000, 0x00000000, 0x00000000, 0x00000000, 0x00000000, 0x00000000, 0x00000000, 0x00000000, 
  0x00000000, 0x00000000, 0x00000000, 0x00000000, 0x00000000, 0x00000000, 0x00000000, 0x00000000, 
  0x00000000, 0x00000000, 0x00000000, 0x00000000, 0x00000000, 0x00000000, 0x00000000, 0x00000000, 
  0x00000000, 0x00000000, 0x00000000, 0x00000000, 0x00000000, 0x00000000, 0x00000000, 0x00000000, 
  0x00000000, 0x00000000, 0x00000000, 0x00000000, 0x00000000, 0x00000000, 0x00000000, 0x00000000, 
  0x00000000, 0x00000000, 0x00000000, 0x00000000, 0x00000000, 0x00000000, 0x00000000, 0x00000000, 
  0x00000000, 0x00000000, 0x00000000, 0x00000000, 0x00000000, 0x00000000, 0x00000000, 0x00000000, 
  0x00000000, 0x00000000, 0x00000000, 0x00000000, 0x00000000, 0x00000000, 0x00000000, 0x00000000

};

static const uint32_t ICON_CLOCK[1024] = {
  0x00000000, 0x00000000, 0x00000000, 0x00000000, 0x00000000, 0x00000000, 0x00000000, 0x00000000, 
  0x00000000, 0x00000000, 0x00000000, 0x00000000, 0x01FF00FF, 0x02FF7FFF, 0x03FF55FF, 0x04FF3FFF, 
  0x04FF3FFF, 0x03FF55FF, 0x02FF7FFF, 0x01FF00FF, 0x00000000, 0x00000000, 0x00000000, 0x00000000, 
  0x00000000, 0x00000000, 0x00000000, 0x00000000, 0x00000000, 0x00000000, 0x00000000, 0x00000000, 
  0x00000000, 0x00000000, 0x00000000, 0x00000000, 0x00000000, 0x00000000, 0x00000000, 0x00000000, 
  0x00000000, 0x00000000, 0x02FF7FFF, 0x03FF55FF, 0x00000000, 0x00000000, 0x00000000, 0x00000000, 
  0x00000000, 0x00000000, 0x00000000, 0x00000000, 0x03FF55FF, 0x02FF7FFF, 0x00000000, 0x00000000, 
  0x00000000, 0x00000000, 0x00000000, 0x00000000, 0x00000000, 0x00000000, 0x00000000, 0x00000000, 
  0x00000000, 0x00000000, 0x00000000, 0x00000000, 0x00000000, 0x00000000, 0x00000000, 0x00000000, 
  0x01FF00FF, 0x02FF7FFF, 0x00000000, 0x00000000, 0x05FF66FF, 0x23FF57FF, 0x47FF56FF, 0x59FF55FF, 
  0x58FF54FF, 0x47FF56FF, 0x23FF50FF, 0x05FF66FF, 0x00000000, 0x00000000, 0x02FF7FFF, 0x01FF00FF, 
  0x00000000, 0x00000000, 0x00000000, 0x00000000, 0x00000000, 0x00000000, 0x00000000, 0x00000000, 
  0x00000000, 0x00000000, 0x00000000, 0x00000000, 0x00000000, 0x00000000, 0x00000000, 0x03FF55FF, 
  0x00000000, 0x00000000, 0x31FF58FF, 0x8CFF55FF, 0xD4FF55FF, 0xF7FF55FF, 0xFFFF56FF, 0xFFFF58FF, 
  0xFFFF58FF, 0xFFFF56FF, 0xF7FF55FF, 0xD4FF55FF, 0x8BFF54FF, 0x31FF53FF, 0x00000000, 0x00000000, 
  0x03FF55FF, 0x00000000, 0x00000000, 0x00000000, 0x00000000, 0x00000000, 0x00000000, 0x00000000, 
  0x00000000, 0x00000000, 0x00000000, 0x00000000, 0x00000000, 0x00000000, 0x03FF55FF, 0x00000000, 
  0x20FF4FFF, 0xA2FF55FF, 0xFCFF55FF, 0xFFFF5BFF, 0xFFFF58FF, 0xFFFF56FF, 0xFFFF55FF, 0xFDFF54FF, 
  0xFDFF54FF, 0xFFFF55FF, 0xFFFF56FF, 0xFFFF58FF, 0xFFFF5BFF, 0xFCFF55FF, 0xA1FF55FF, 0x20FF4FFF, 
  0x00000000, 0x03FF55FF, 0x00000000, 0x00000000, 0x00000000, 0x00000000, 0x00000000, 0x00000000, 
  0x00000000, 0x00000000, 0x00000000, 0x00000000, 0x00000000, 0x03FF55FF, 0x00000000, 0x4DFF52FF, 
  0xE5FF56FF, 0xFFFF5BFF, 0xFFFF55FF, 0xFBFF55FF, 0xFDFF54FF, 0xFEFF55FF, 0xFFFF55FF, 0xFFFF55FF, 
  0xFFFF55FF, 0xFFFF55FF, 0xFEFF55FF, 0xFDFF54FF, 0xFBFF55FF, 0xFFFF55FF, 0xFFFF5BFF, 0xE4FF57FF, 
  0x4CFF53FF, 0x00000000, 0x03FF55FF, 0x00000000, 0x00000000, 0x00000000, 0x00000000, 0x00000000, 
  0x00000000, 0x00000000, 0x00000000, 0x00000000, 0x03FF55FF, 0x00000000, 0x60FF55FF, 0xFEFF57FF, 
  0xFFFF57FF, 0xFBFF55FF, 0xFEFF55FF, 0xFFFF55FF, 0xFFFF55FF, 0xFFFF55FF, 0xFFFF55FF, 0xFFFF55FF, 
  0xFFFF55FF, 0xFFFF55FF, 0xFFFF55FF, 0xFFFF55FF, 0xFFFF55FF, 0xFEFF55FF, 0xFBFF55FF, 0xFFFF57FF, 
  0xFDFF57FF, 0x60FF55FF, 0x00000000, 0x03FF55FF, 0x00000000, 0x00000000, 0x00000000, 0x00000000, 
  0x00000000, 0x00000000, 0x00000000, 0x03FF55FF, 0x00000000, 0x4CFF53FF, 0xFDFF57FF, 0xFEFF56FF, 
  0xFDFF54FF, 0xFFFF55FF, 0xFFFF55FF, 0xFFFF55FF, 0xFFFF55FF, 0xFFFF55FF, 0xFEFF55FF, 0xFDFF54FF, 
  0xFEFF55FF, 0xFFFF55FF, 0xFFFF55FF, 0xFFFF55FF, 0xFFFF55FF, 0xFFFF55FF, 0xFFFF55FF, 0xFDFF54FF, 
  0xFEFF56FF, 0xFDFF57FF, 0x4BFF55FF, 0x00000000, 0x03FF55FF, 0x00000000, 0x00000000, 0x00000000, 
  0x00000000, 0x00000000, 0x02FF7FFF, 0x01FF00FF, 0x1CFF51FF, 0xEAFF56FF, 0xFFFF57FF, 0xFDFF54FF, 
  0xFFFF55FF, 0xFFFF55FF, 0xFFFF55FF, 0xFFFF55FF, 0xFFFF55FF, 0xFFFF55FF, 0xFFFF56FF, 0xFFFF58FF, 
  0xFFFF57FF, 0xFFFF55FF, 0xFFFF55FF, 0xFFFF55FF, 0xFFFF55FF, 0xFFFF55FF, 0xFFFF55FF, 0xFFFF55FF, 
  0xFDFF54FF, 0xFFFF57FF, 0xE9FF56FF, 0x1BFF55FF, 0x01FF00FF, 0x02FF7FFF, 0x00000000, 0x00000000, 
  0x00000000, 0x00000000, 0x02FF7FFF, 0x00000000, 0xA2FF53FF, 0xFFFF5BFF, 0xFBFF55FF, 0xFFFF55FF, 
  0xFFFF55FF, 0xFFFF55FF, 0xFFFF55FF, 0xFFFF55FF, 0xFDFF54FF, 0xFFFF58FF, 0xC7FF54FF, 0x56FF55FF, 
  0x95FF55FF, 0xFFFF57FF, 0xFEFF54FF, 0xFFFF55FF, 0xFFFF55FF, 0xFFFF55FF, 0xFFFF55FF, 0xFFFF55FF, 
  0xFFFF55FF, 0xFBFF55FF, 0xFFFF5BFF, 0xA1FF53FF, 0x00000000, 0x02FF7FFF, 0x00000000, 0x00000000, 
  0x00000000, 0x02FF7FFF, 0x00000000, 0x2EFF53FF, 0xFBFF55FF, 0xFDFF55FF, 0xFEFF55FF, 0xFFFF55FF, 
  0xFFFF55FF, 0xFFFF55FF, 0xFFFF55FF, 0xFFFF55FF, 0xFBFF55FF, 0xFFFF5AFF, 0xA4FF53FF, 0x00000000, 
  0x51FF58FF, 0xFFFF58FF, 0xFDFF54FF, 0xFFFF55FF, 0xFFFF55FF, 0xFFFF55FF, 0xFFFF55FF, 0xFFFF55FF, 
  0xFFFF55FF, 0xFEFF55FF, 0xFDFF55FF, 0xFAFF55FF, 0x2EFF53FF, 0x00000000, 0x02FF7FFF, 0x00000000, 
  0x00000000, 0x03FF55FF, 0x00000000, 0x8CFF53FF, 0xFFFF5BFF, 0xFBFF55FF, 0xFFFF55FF, 0xFFFF55FF, 
  0xFFFF55FF, 0xFFFF55FF, 0xFFFF55FF, 0xFFFF55FF, 0xFBFF55FF, 0xFFFF5AFF, 0xAAFF54FF, 0x03FF55FF, 
  0x5DFF57FF, 0xFFFF58FF, 0xFDFF54FF, 0xFFFF55FF, 0xFFFF55FF, 0xFFFF55FF, 0xFFFF55FF, 0xFFFF55FF, 
  0xFFFF55FF, 0xFFFF55FF, 0xFBFF55FF, 0xFFFF5BFF, 0x8BFF54FF, 0x00000000, 0x03FF55FF, 0x00000000, 
  0x01FF00FF, 0x00000000, 0x04FF3FFF, 0xD5FF55FF, 0xFFFF58FF, 0xFDFF55FF, 0xFFFF55FF, 0xFFFF55FF, 
  0xFFFF55FF, 0xFFFF55FF, 0xFFFF55FF, 0xFFFF55FF, 0xFBFF55FF, 0xFFFF5AFF, 0xA9FF54FF, 0x00000000, 
  0x5BFF56FF, 0xFFFF58FF, 0xFDFF54FF, 0xFFFF55FF, 0xFFFF55FF, 0xFFFF55FF, 0xFFFF55FF, 0xFFFF55FF, 
  0xFFFF55FF, 0xFFFF55FF, 0xFDFF55FF, 0xFFFF58FF, 0xD3FF55FF, 0x04FF3FFF, 0x00000000, 0x01FF00FF, 
  0x02FF00FF, 0x00000000, 0x24FF55FF, 0xF9FF55FF, 0xFFFF55FF, 0xFEFF55FF, 0xFFFF55FF, 0xFFFF55FF, 
  0xFFFF55FF, 0xFFFF55FF, 0xFFFF55FF, 0xFFFF55FF, 0xFBFF55FF, 0xFFFF5AFF, 0xA9FF54FF, 0x00000000, 
  0x5BFF56FF, 0xFFFF58FF, 0xFDFF54FF, 0xFFFF55FF, 0xFFFF55FF, 0xFFFF55FF, 0xFFFF55FF, 0xFFFF55FF, 
  0xFFFF55FF, 0xFFFF55FF, 0xFEFF55FF, 0xFFFF55FF, 0xF9FF55FF, 0x23FF50FF, 0x00000000, 0x02FF00FF, 
  0x03FF55FF, 0x00000000, 0x47FF56FF, 0xFFFF56FF, 0xFEFF55FF, 0xFEFF55FF, 0xFFFF55FF, 0xFFFF55FF, 
  0xFFFF55FF, 0xFFFF55FF, 0xFFFF55FF, 0xFFFF55FF, 0xFBFF55FF, 0xFFFF5AFF, 0xA9FF54FF, 0x00000000, 
  0x5AFF57FF, 0xFCFF58FF, 0xFDFF54FF, 0xFFFF55FF, 0xFFFF55FF, 0xFFFF55FF, 0xFFFF55FF, 0xFFFF55FF, 
  0xFFFF55FF, 0xFFFF55FF, 0xFEFF55FF, 0xFFFF55FF, 0xFFFF56FF, 0x46FF53FF, 0x00000000, 0x03FF55FF, 
  0x04FF3FFF, 0x00000000, 0x58FF54FF, 0xFFFF58FF, 0xFDFF54FF, 0xFFFF55FF, 0xFFFF55FF, 0xFFFF55FF, 
  0xFFFF55FF, 0xFFFF55FF, 0xFFFF55FF, 0xFFFF55FF, 0xFBFF55FF, 0xFFFF5AFF, 0xAAFF55FF, 0x02FF7FFF, 
  0x60FF57FF, 0xFFFF5CFF, 0xFBFF54FF, 0xFEFF54FF, 0xFFFF55FF, 0xFFFF55FF, 0xFFFF55FF, 0xFFFF55FF, 
  0xFFFF55FF, 0xFFFF55FF, 0xFFFF55FF, 0xFDFF54FF, 0xFFFF58FF, 0x58FF54FF, 0x00000000, 0x04FF3FFF, 
  0x04FF3FFF, 0x00000000, 0x58FF54FF, 0xFFFF58FF, 0xFDFF54FF, 0xFFFF55FF, 0xFFFF55FF, 0xFFFF55FF, 
  0xFFFF55FF, 0xFFFF55FF, 0xFFFF55FF, 0xFFFF55FF, 0xFBFF55FF, 0xFFFF5AFF, 0xA1FF53FF, 0x00000000, 
  0x27FF55FF, 0xBDFF56FF, 0xFFFF5AFF, 0xFFFF57FF, 0xFCFF55FF, 0xFEFF55FF, 0xFFFF55FF, 0xFFFF55FF, 
  0xFFFF55FF, 0xFFFF55FF, 0xFFFF55FF, 0xFDFF54FF, 0xFFFF58FF, 0x58FF54FF, 0x00000000, 0x04FF3FFF, 
  0x03FF55FF, 0x00000000, 0x47FF56FF, 0xFFFF56FF, 0xFEFF55FF, 0xFEFF55FF, 0xFFFF55FF, 0xFFFF55FF, 
  0xFFFF55FF, 0xFFFF55FF, 0xFFFF55FF, 0xFFFF55FF, 0xFDFF54FF, 0xFEFF57FF, 0xD7FF56FF, 0x36FF50FF, 
  0x00000000, 0x00000000, 0x62FF55FF, 0xDFFF56FF, 0xFFFF5AFF, 0xFFFF55FF, 0xFDFF54FF, 0xFFFF55FF, 
  0xFFFF55FF, 0xFFFF55FF, 0xFEFF55FF, 0xFFFF55FF, 0xFFFF56FF, 0x46FF53FF, 0x00000000, 0x03FF55FF, 
  0x02FF00FF, 0x00000000, 0x23FF50FF, 0xF9FF55FF, 0xFFFF55FF, 0xFEFF55FF, 0xFFFF55FF, 0xFFFF55FF, 
  0xFFFF55FF, 0xFFFF55FF, 0xFFFF55FF, 0xFFFF55FF, 0xFFFF55FF, 0xFEFF55FF, 0xFFFF57FF, 0xF9FF56FF, 
  0x8AFF56FF, 0x10FF4FFF, 0x00000000, 0x18FF4AFF, 0x92FF55FF, 0xFCFF56FF, 0xFFFF59FF, 0xFEFF55FF, 
  0xFFFF55FF, 0xFFFF55FF, 0xFEFF55FF, 0xFFFF56FF, 0xF9FF55FF, 0x22FF52FF, 0x00000000, 0x02FF00FF, 
  0x01FF00FF, 0x00000000, 0x04FF3FFF, 0xD4FF55FF, 0xFFFF58FF, 0xFDFF55FF, 0xFFFF55FF, 0xFFFF55FF, 
  0xFFFF55FF, 0xFFFF55FF, 0xFFFF55FF, 0xFFFF55FF, 0xFFFF55FF, 0xFFFF55FF, 0xFDFF54FF, 0xFFFF55FF, 
  0xFFFF5AFF, 0xD7FF57FF, 0x54FF58FF, 0x00000000, 0x00000000, 0x3AFF53FF, 0xC1FF55FF, 0xFEFF58FF, 
  0xFDFF54FF, 0xFFFF55FF, 0xFDFF55FF, 0xFFFF58FF, 0xD3FF54FF, 0x04FF3FFF, 0x00000000, 0x01FF00FF, 
  0x00000000, 0x03FF55FF, 0x00000000, 0x8CFF53FF, 0xFFFF5BFF, 0xFBFF55FF, 0xFFFF55FF, 0xFFFF55FF, 
  0xFFFF55FF, 0xFFFF55FF, 0xFFFF55FF, 0xFFFF55FF, 0xFFFF55FF, 0xFFFF55FF, 0xFFFF55FF, 0xFEFF55FF, 
  0xFCFF55FF, 0xFFFF58FF, 0xFFFF59FF, 0xB0FF54FF, 0x29FF57FF, 0x00000000, 0xACFF54FF, 0xFFFF5AFF, 
  0xFCFF55FF, 0xFFFF55FF, 0xFBFF55FF, 0xFFFF5BFF, 0x8AFF55FF, 0x00000000, 0x03FF55FF, 0x00000000, 
  0x00000000, 0x02FF7FFF, 0x00000000, 0x2DFF55FF, 0xFAFF55FF, 0xFDFF55FF, 0xFEFF55FF, 0xFFFF55FF, 
  0xFFFF55FF, 0xFFFF55FF, 0xFFFF55FF, 0xFFFF55FF, 0xFFFF55FF, 0xFFFF55FF, 0xFFFF55FF, 0xFFFF55FF, 
  0xFFFF55FF, 0xFDFF54FF, 0xFDFF54FF, 0xFFFF5AFF, 0xEBFF54FF, 0xA8FF55FF, 0xFFFF56FF, 0xFFFF55FF, 
  0xFFFF55FF, 0xFEFF55FF, 0xFEFF55FF, 0xFAFF55FF, 0x2DFF55FF, 0x00000000, 0x02FF7FFF, 0x00000000, 
  0x00000000, 0x00000000, 0x02FF7FFF, 0x00000000, 0xA1FF53FF, 0xFFFF5BFF, 0xFBFF55FF, 0xFFFF55FF, 
  0xFFFF55FF, 0xFFFF55FF, 0xFFFF55FF, 0xFFFF55FF, 0xFFFF55FF, 0xFFFF55FF, 0xFFFF55FF, 0xFFFF55FF, 
  0xFFFF55FF, 0xFFFF55FF, 0xFFFF55FF, 0xFCFF55FF, 0xFFFF56FF, 0xFFFF5AFF, 0xFFFF55FF, 0xFFFF55FF, 
  0xFFFF55FF, 0xFBFF55FF, 0xFFFF5BFF, 0xA0FF54FF, 0x00000000, 0x02FF7FFF, 0x00000000, 0x00000000, 
  0x00000000, 0x00000000, 0x02FF7FFF, 0x01FF00FF, 0x1CFF51FF, 0xE9FF56FF, 0xFFFF57FF, 0xFDFF54FF, 
  0xFFFF55FF, 0xFFFF55FF, 0xFFFF55FF, 0xFFFF55FF, 0xFFFF55FF, 0xFFFF55FF, 0xFFFF55FF, 0xFFFF55FF, 
  0xFFFF55FF, 0xFFFF55FF, 0xFFFF55FF, 0xFFFF55FF, 0xFEFF55FF, 0xFCFF55FF, 0xFFFF55FF, 0xFFFF55FF, 
  0xFDFF54FF, 0xFFFF57FF, 0xE9FF55FF, 0x1BFF55FF, 0x01FF00FF, 0x02FF7FFF, 0x00000000, 0x00000000, 
  0x00000000, 0x00000000, 0x00000000, 0x03FF55FF, 0x00000000, 0x4BFF55FF, 0xFDFF57FF, 0xFEFF56FF, 
  0xFDFF54FF, 0xFFFF55FF, 0xFFFF55FF, 0xFFFF55FF, 0xFFFF55FF, 0xFFFF55FF, 0xFFFF55FF, 0xFFFF55FF, 
  0xFFFF55FF, 0xFFFF55FF, 0xFFFF55FF, 0xFFFF55FF, 0xFFFF55FF, 0xFFFF55FF, 0xFFFF55FF, 0xFDFF54FF, 
  0xFEFF56FF, 0xFCFF58FF, 0x4AFF52FF, 0x00000000, 0x03FF55FF, 0x00000000, 0x00000000, 0x00000000, 
  0x00000000, 0x00000000, 0x00000000, 0x00000000, 0x03FF55FF, 0x00000000, 0x60FF55FF, 0xFEFF57FF, 
  0xFFFF57FF, 0xFBFF55FF, 0xFEFF55FF, 0xFFFF55FF, 0xFFFF55FF, 0xFFFF55FF, 0xFFFF55FF, 0xFFFF55FF, 
  0xFFFF55FF, 0xFFFF55FF, 0xFFFF55FF, 0xFFFF55FF, 0xFFFF55FF, 0xFEFF55FF, 0xFBFF55FF, 0xFFFF57FF, 
  0xFDFF57FF, 0x5FFF55FF, 0x00000000, 0x03FF55FF, 0x00000000, 0x00000000, 0x00000000, 0x00000000, 
  0x00000000, 0x00000000, 0x00000000, 0x00000000, 0x00000000, 0x03FF55FF, 0x00000000, 0x4CFF53FF, 
  0xE4FF57FF, 0xFFFF5BFF, 0xFFFF55FF, 0xFBFF55FF, 0xFDFF54FF, 0xFEFF55FF, 0xFFFF55FF, 0xFFFF55FF, 
  0xFFFF55FF, 0xFFFF55FF, 0xFEFF55FF, 0xFDFF54FF, 0xFBFF55FF, 0xFFFF55FF, 0xFFFF5BFF, 0xE3FF57FF, 
  0x4BFF55FF, 0x00000000, 0x03FF55FF, 0x00000000, 0x00000000, 0x00000000, 0x00000000, 0x00000000, 
  0x00000000, 0x00000000, 0x00000000, 0x00000000, 0x00000000, 0x00000000, 0x03FF55FF, 0x00000000, 
  0x1FFF52FF, 0xA0FF56FF, 0xFCFF55FF, 0xFFFF5BFF, 0xFFFF58FF, 0xFFFF56FF, 0xFFFF55FF, 0xFDFF54FF, 
  0xFDFF54FF, 0xFFFF55FF, 0xFFFF56FF, 0xFFFF58FF, 0xFFFF5BFF, 0xFBFF55FF, 0xA0FF56FF, 0x1FFF52FF, 
  0x00000000, 0x03FF55FF, 0x00000000, 0x00000000, 0x00000000, 0x00000000, 0x00000000, 0x00000000, 
  0x00000000, 0x00000000, 0x00000000, 0x00000000, 0x00000000, 0x00000000, 0x00000000, 0x03FF55FF, 
  0x00000000, 0x00000000, 0x31FF53FF, 0x8BFF54FF, 0xD3FF55FF, 0xF7FF55FF, 0xFFFF56FF, 0xFFFF58FF, 
  0xFFFF58FF, 0xFFFF56FF, 0xF7FF55FF, 0xD2FF56FF, 0x8BFF54FF, 0x30FF55FF, 0x00000000, 0x00000000, 
  0x03FF55FF, 0x00000000, 0x00000000, 0x00000000, 0x00000000, 0x00000000, 0x00000000, 0x00000000, 
  0x00000000, 0x00000000, 0x00000000, 0x00000000, 0x00000000, 0x00000000, 0x00000000, 0x00000000, 
  0x01FF00FF, 0x02FF7FFF, 0x00000000, 0x00000000, 0x05FF66FF, 0x22FF52FF, 0x46FF57FF, 0x58FF56FF, 
  0x58FF54FF, 0x46FF53FF, 0x22FF52FF, 0x04FF3FFF, 0x00000000, 0x00000000, 0x02FF7FFF, 0x01FF00FF, 
  0x00000000, 0x00000000, 0x00000000, 0x00000000, 0x00000000, 0x00000000, 0x00000000, 0x00000000, 
  0x00000000, 0x00000000, 0x00000000, 0x00000000, 0x00000000, 0x00000000, 0x00000000, 0x00000000, 
  0x00000000, 0x00000000, 0x02FF7FFF, 0x03FF55FF, 0x00000000, 0x00000000, 0x00000000, 0x00000000, 
  0x00000000, 0x00000000, 0x00000000, 0x00000000, 0x03FF55FF, 0x02FF7FFF, 0x00000000, 0x00000000, 
  0x00000000, 0x00000000, 0x00000000, 0x00000000, 0x00000000, 0x00000000, 0x00000000, 0x00000000, 
  0x00000000, 0x00000000, 0x00000000, 0x00000000, 0x00000000, 0x00000000, 0x00000000, 0x00000000, 
  0x00000000, 0x00000000, 0x00000000, 0x00000000, 0x01FF00FF, 0x02FF7FFF, 0x03FF55FF, 0x04FF3FFF, 
  0x04FF3FFF, 0x03FF55FF, 0x02FF7FFF, 0x01FF00FF, 0x00000000, 0x00000000, 0x00000000, 0x00000000, 
  0x00000000, 0x00000000, 0x00000000, 0x00000000, 0x00000000, 0x00000000, 0x00000000, 0x00000000

};

static const uint32_t ICON_CALENDAR[1024] = {
  0x00000000, 0x00000000, 0x00000000, 0x00000000, 0x00000000, 0x00000000, 0x00000000, 0x00000000, 
  0x00000000, 0x00000000, 0x00000000, 0x00000000, 0x00000000, 0x00000000, 0x00000000, 0x00000000, 
  0x00000000, 0x00000000, 0x00000000, 0x00000000, 0x00000000, 0x00000000, 0x00000000, 0x00000000, 
  0x00000000, 0x00000000, 0x00000000, 0x00000000, 0x00000000, 0x00000000, 0x00000000, 0x00000000, 
  0x00000000, 0x00000000, 0x00000000, 0x00000000, 0x00000000, 0x01FF0000, 0x01FF0000, 0x0AFF6666, 
  0x98FF5353, 0xA6FF5959, 0x6AFF5454, 0x01FF0000, 0x02FF7F7F, 0x01FF0000, 0x01FF0000, 0x01FF0000, 
  0x01FF0000, 0x01FF0000, 0x01FF0000, 0x02FF7F7F, 0x01FF0000, 0x6AFF5454, 0xA6FF5959, 0x98FF5353, 
  0x0AFF6666, 0x01FF0000, 0x01FF0000, 0x00000000, 0x00000000, 0x00000000, 0x00000000, 0x00000000, 
  0x00000000, 0x00000000, 0x00000000, 0x00000000, 0x01FF0000, 0x02FF0000, 0x00000000, 0x0BFF5C5C, 
  0xFDFF5454, 0xFFFF6161, 0xAEFF5555, 0x00000000, 0x00000000, 0x00000000, 0x00000000, 0x00000000, 
  0x00000000, 0x00000000, 0x00000000, 0x00000000, 0x00000000, 0xAEFF5555, 0xFFFF6161, 0xFDFF5454, 
  0x0BFF5C5C, 0x00000000, 0x02FF0000, 0x01FF0000, 0x00000000, 0x00000000, 0x00000000, 0x00000000, 
  0x00000000, 0x00000000, 0x00000000, 0x00000000, 0x00000000, 0x00000000, 0x0EFF5B5B, 0x1BFF5555, 
  0xECFF5454, 0xFCFF5A5A, 0xA8FF5555, 0x0EFF5B5B, 0x10FF4F4F, 0x0EFF5B5B, 0x0EFF5B5B, 0x0EFF5B5B, 
  0x0EFF5B5B, 0x0EFF5B5B, 0x0EFF5B5B, 0x10FF4F4F, 0x0EFF5B5B, 0xA8FF5555, 0xFCFF5A5A, 0xECFF5454, 
  0x1BFF5555, 0x0EFF4848, 0x00000000, 0x00000000, 0x00000000, 0x00000000, 0x00000000, 0x00000000, 
  0x00000000, 0x00000000, 0x01FFFFFF, 0x01FF0000, 0x1DFF5757, 0xB1FF5656, 0xF0FF5555, 0xF2FF5555, 
  0xFEFF5555, 0xFFFF5555, 0xFAFF5454, 0xF1FF5454, 0xF1FF5454, 0xF1FF5454, 0xF1FF5454, 0xF1FF5454, 
  0xF1FF5454, 0xF1FF5454, 0xF1FF5454, 0xF1FF5454, 0xF1FF5454, 0xFAFF5454, 0xFFFF5555, 0xFEFF5555, 
  0xF2FF5555, 0xF0FF5555, 0xAFFF5555, 0x1CFF5151, 0x01FF0000, 0x01FFFFFF, 0x00000000, 0x00000000, 
  0x00000000, 0x00000000, 0x02FF7F7F, 0x02FF7F7F, 0xB2FF5454, 0xFFFF5D5D, 0xFFFF5555, 0xFFFF5656, 
  0xFFFF5555, 0xFFFF5555, 0xFFFF5555, 0xFFFF5656, 0xFFFF5656, 0xFFFF5656, 0xFFFF5656, 0xFFFF5656, 
  0xFFFF5656, 0xFFFF5656, 0xFFFF5656, 0xFFFF5656, 0xFFFF5656, 0xFFFF5555, 0xFFFF5555, 0xFFFF5555, 
  0xFFFF5656, 0xFFFF5555, 0xFFFF5E5E, 0xAFFF5454, 0x01FFFFFF, 0x02FF7F7F, 0x00000000, 0x00000000, 
  0x00000000, 0x01FF0000, 0x00000000, 0x0CFF5555, 0xF1FF5454, 0xFCFF5656, 0xFDFF5555, 0xFEFF5555, 
  0xFFFF5555, 0xFFFF5555, 0xFFFF5555, 0xFEFF5555, 0xFEFF5555, 0xFEFF5555, 0xFEFF5555, 0xFEFF5555, 
  0xFEFF5555, 0xFEFF5555, 0xFEFF5555, 0xFEFF5555, 0xFEFF5555, 0xFFFF5555, 0xFFFF5555, 0xFFFF5555, 
  0xFEFF5555, 0xFDFF5555, 0xFCFF5656, 0xF0FF5555, 0x0CFF5555, 0x00000000, 0x01FF0000, 0x00000000, 
  0x00000000, 0x01FF0000, 0x00000000, 0x0EFF5B5B, 0xF1FF5454, 0xFFFF5656, 0xFEFF5555, 0xFFFF5555, 
  0xFFFF5555, 0xFFFF5555, 0xFFFF5555, 0xFFFF5555, 0xFFFF5555, 0xFFFF5555, 0xFFFF5555, 0xFFFF5555, 
  0xFFFF5555, 0xFFFF5555, 0xFFFF5555, 0xFFFF5555, 0xFFFF5555, 0xFFFF5555, 0xFFFF5555, 0xFFFF5555, 
  0xFFFF5555, 0xFEFF5555, 0xFFFF5656, 0xF1FF5454, 0x0EFF5B5B, 0x00000000, 0x01FF0000, 0x00000000, 
  0x00000000, 0x01FF0000, 0x00000000, 0x0EFF5B5B, 0xF1FF5454, 0xFFFF5656, 0xFDFF5555, 0xFBFF5555, 
  0xFCFF5555, 0xFBFF5555, 0xFBFF5555, 0xFBFF5555, 0xFBFF5555, 0xFBFF5555, 0xFBFF5555, 0xFBFF5555, 
  0xFBFF5555, 0xFBFF5555, 0xFBFF5555, 0xFBFF5555, 0xFBFF5555, 0xFBFF5555, 0xFBFF5555, 0xFCFF5555, 
  0xFBFF5555, 0xFDFF5555, 0xFFFF5656, 0xF1FF5454, 0x0EFF5B5B, 0x00000000, 0x01FF0000, 0x00000000, 
  0x00000000, 0x01FF0000, 0x00000000, 0x0EFF5B5B, 0xF1FF5454, 0xFFFF5656, 0xFFFF5757, 0xFFFF5A5A, 
  0xFFFF5A5A, 0xFFFF5A5A, 0xFFFF5A5A, 0xFFFF5A5A, 0xFFFF5A5A, 0xFFFF5A5A, 0xFFFF5A5A, 0xFFFF5A5A, 
  0xFFFF5A5A, 0xFFFF5A5A, 0xFFFF5A5A, 0xFFFF5A5A, 0xFFFF5A5A, 0xFFFF5A5A, 0xFFFF5A5A, 0xFFFF5A5A, 
  0xFFFF5A5A, 0xFFFF5757, 0xFFFF5656, 0xF1FF5454, 0x0EFF5B5B, 0x00000000, 0x01FF0000, 0x00000000, 
  0x00000000, 0x01FF0000, 0x00000000, 0x0EFF5B5B, 0xF0FF5555, 0xFFFF5858, 0xDEFF5555, 0xA3FF5454, 
  0xA6FF5454, 0xA5FF5555, 0xA5FF5555, 0xA5FF5555, 0xA5FF5555, 0xA5FF5555, 0xA5FF5555, 0xA5FF5555, 
  0xA5FF5555, 0xA5FF5555, 0xA5FF5555, 0xA5FF5555, 0xA5FF5555, 0xA5FF5555, 0xA5FF5555, 0xA6FF5454, 
  0xA3FF5454, 0xDFFF5454, 0xFFFF5858, 0xF0FF5555, 0x0EFF5B5B, 0x00000000, 0x01FF0000, 0x00000000, 
  0x00000000, 0x01FF0000, 0x00000000, 0x0EFF5B5B, 0xEEFF5454, 0xFFFF5B5B, 0xA2FF5555, 0x00000000, 
  0x00000000, 0x00000000, 0x00000000, 0x00000000, 0x00000000, 0x00000000, 0x00000000, 0x00000000, 
  0x00000000, 0x00000000, 0x00000000, 0x00000000, 0x00000000, 0x00000000, 0x00000000, 0x00000000, 
  0x00000000, 0xA2FF5555, 0xFFFF5B5B, 0xEEFF5454, 0x0EFF5B5B, 0x00000000, 0x01FF0000, 0x00000000, 
  0x00000000, 0x01FF0000, 0x00000000, 0x0EFF5B5B, 0xEEFF5454, 0xFFFF5B5B, 0xA6FF5454, 0x02FF7F7F, 
  0x04FF7F7F, 0x02FF7F7F, 0x02FF7F7F, 0x02FF7F7F, 0x02FF7F7F, 0x02FF7F7F, 0x02FF7F7F, 0x02FF7F7F, 
  0x02FF7F7F, 0x02FF7F7F, 0x02FF7F7F, 0x02FF7F7F, 0x02FF7F7F, 0x02FF7F7F, 0x02FF7F7F, 0x04FF7F7F, 
  0x02FF7F7F, 0xA6FF5454, 0xFFFF5B5B, 0xEEFF5454, 0x0EFF5B5B, 0x00000000, 0x01FF0000, 0x00000000, 
  0x00000000, 0x01FF0000, 0x00000000, 0x0EFF5B5B, 0xEEFF5454, 0xFFFF5B5B, 0xA5FF5555, 0x00000000, 
  0x02FF7F7F, 0x00000000, 0x00000000, 0x00000000, 0x00000000, 0x00000000, 0x00000000, 0x00000000, 
  0x01FF0000, 0x01FF0000, 0x01FF0000, 0x01FF0000, 0x01FF0000, 0x01FF0000, 0x01FF0000, 0x02FF7F7F, 
  0x00000000, 0xA5FF5555, 0xFFFF5B5B, 0xEEFF5454, 0x0EFF5B5B, 0x00000000, 0x01FF0000, 0x00000000, 
  0x00000000, 0x01FF0000, 0x00000000, 0x0EFF5B5B, 0xEEFF5454, 0xFFFF5B5B, 0xA5FF5555, 0x00000000, 
  0x02FF7F7F, 0x00000000, 0x00000000, 0x00000000, 0x00000000, 0x00000000, 0x00000000, 0x00000000, 
  0x00000000, 0x00000000, 0x00000000, 0x00000000, 0x00000000, 0x00000000, 0x00000000, 0x02FF7F7F, 
  0x00000000, 0xA5FF5555, 0xFFFF5B5B, 0xEEFF5454, 0x0EFF5B5B, 0x00000000, 0x01FF0000, 0x00000000, 
  0x00000000, 0x01FF0000, 0x00000000, 0x0EFF5B5B, 0xEEFF5454, 0xFFFF5B5B, 0xA5FF5555, 0x00000000, 
  0x02FF7F7F, 0x00000000, 0x00000000, 0x00000000, 0x00000000, 0x00000000, 0x00000000, 0x01FF0000, 
  0x0DFF4E4E, 0x0EFF5B5B, 0x0EFF5B5B, 0x0EFF5B5B, 0x0DFF6262, 0x0EFF5B5B, 0x09FF5555, 0x02FF7F7F, 
  0x00000000, 0xA5FF5555, 0xFFFF5B5B, 0xEEFF5454, 0x0EFF5B5B, 0x00000000, 0x01FF0000, 0x00000000, 
  0x00000000, 0x01FF0000, 0x00000000, 0x0EFF5B5B, 0xEEFF5454, 0xFFFF5B5B, 0xA5FF5555, 0x00000000, 
  0x02FF7F7F, 0x00000000, 0x00000000, 0x00000000, 0x00000000, 0x01FF0000, 0x00000000, 0x0DFF6262, 
  0xE4FF5555, 0xF1FF5555, 0xF0FF5555, 0xF1FF5454, 0xEEFF5454, 0xF1FF5959, 0x9DFF5454, 0x00000000, 
  0x00000000, 0xA5FF5555, 0xFFFF5B5B, 0xEEFF5454, 0x0EFF5B5B, 0x00000000, 0x01FF0000, 0x00000000, 
  0x00000000, 0x01FF0000, 0x00000000, 0x0EFF5B5B, 0xEEFF5454, 0xFFFF5B5B, 0xA5FF5555, 0x00000000, 
  0x02FF7F7F, 0x00000000, 0x00000000, 0x00000000, 0x00000000, 0x01FF0000, 0x00000000, 0x0EFF5B5B, 
  0xF5FF5454, 0xFFFF5757, 0xFFFF5656, 0xFFFF5656, 0xFFFF5555, 0xFFFF5B5B, 0xA9FF5454, 0x00000000, 
  0x00000000, 0xA5FF5555, 0xFFFF5B5B, 0xEEFF5454, 0x0EFF5B5B, 0x00000000, 0x01FF0000, 0x00000000, 
  0x00000000, 0x01FF0000, 0x00000000, 0x0EFF5B5B, 0xEEFF5454, 0xFFFF5B5B, 0xA5FF5555, 0x00000000, 
  0x02FF7F7F, 0x00000000, 0x00000000, 0x00000000, 0x00000000, 0x01FF0000, 0x00000000, 0x0EFF5B5B, 
  0xF0FF5555, 0xFEFF5656, 0xFDFF5555, 0xFEFF5555, 0xFAFF5555, 0xFEFF5A5A, 0xA5FF5555, 0x00000000, 
  0x00000000, 0xA5FF5555, 0xFFFF5B5B, 0xEEFF5454, 0x0EFF5B5B, 0x00000000, 0x01FF0000, 0x00000000, 
  0x00000000, 0x01FF0000, 0x00000000, 0x0EFF5B5B, 0xEEFF5454, 0xFFFF5B5B, 0xA5FF5555, 0x00000000, 
  0x02FF7F7F, 0x00000000, 0x00000000, 0x00000000, 0x00000000, 0x01FF0000, 0x00000000, 0x0EFF5B5B, 
  0xF1FF5454, 0xFFFF5656, 0xFEFF5555, 0xFFFF5555, 0xFBFF5555, 0xFFFF5A5A, 0xA6FF5454, 0x00000000, 
  0x00000000, 0xA5FF5555, 0xFFFF5B5B, 0xEEFF5454, 0x0EFF5B5B, 0x00000000, 0x01FF0000, 0x00000000, 
  0x00000000, 0x01FF0000, 0x00000000, 0x0EFF5B5B, 0xEEFF5454, 0xFFFF5B5B, 0xA5FF5555, 0x00000000, 
  0x02FF7F7F, 0x00000000, 0x00000000, 0x00000000, 0x00000000, 0x01FF0000, 0x00000000, 0x0EFF5B5B, 
  0xEEFF5454, 0xFCFF5656, 0xFBFF5555, 0xFBFF5555, 0xF8FF5555, 0xFCFF5A5A, 0xA4FF5353, 0x00000000, 
  0x00000000, 0xA5FF5555, 0xFFFF5B5B, 0xEEFF5454, 0x0EFF5B5B, 0x00000000, 0x01FF0000, 0x00000000, 
  0x00000000, 0x01FF0000, 0x00000000, 0x0EFF5B5B, 0xEEFF5454, 0xFFFF5B5B, 0xA5FF5555, 0x00000000, 
  0x02FF7F7F, 0x00000000, 0x00000000, 0x00000000, 0x00000000, 0x01FF0000, 0x00000000, 0x0FFF5555, 
  0xFFFF5555, 0xFFFF5B5B, 0xFFFF5A5A, 0xFFFF5A5A, 0xFFFF5959, 0xFFFF5F5F, 0xB0FF5454, 0x00000000, 
  0x00000000, 0xA5FF5555, 0xFFFF5B5B, 0xEEFF5454, 0x0EFF5B5B, 0x00000000, 0x01FF0000, 0x00000000, 
  0x00000000, 0x01FF0000, 0x00000000, 0x0EFF5B5B, 0xEEFF5454, 0xFFFF5B5B, 0xA5FF5555, 0x00000000, 
  0x02FF7F7F, 0x00000000, 0x00000000, 0x00000000, 0x00000000, 0x01FF0000, 0x00000000, 0x0AFF4C4C, 
  0x9DFF5454, 0xA6FF5656, 0xA5FF5555, 0xA6FF5454, 0xA3FF5656, 0xA8FF5858, 0x6CFF5555, 0x00000000, 
  0x00000000, 0xA5FF5555, 0xFFFF5B5B, 0xEEFF5454, 0x0EFF5B5B, 0x00000000, 0x01FF0000, 0x00000000, 
  0x00000000, 0x01FF0000, 0x00000000, 0x0EFF5B5B, 0xEEFF5454, 0xFFFF5B5B, 0xA6FF5454, 0x02FF7F7F, 
  0x04FF7F7F, 0x02FF7F7F, 0x02FF7F7F, 0x02FF7F7F, 0x02FF7F7F, 0x02FF7F7F, 0x02FF7F7F, 0x01FFFFFF, 
  0x00000000, 0x00000000, 0x00000000, 0x00000000, 0x00000000, 0x00000000, 0x00000000, 0x04FF7F7F, 
  0x02FF7F7F, 0xA6FF5454, 0xFFFF5B5B, 0xEEFF5454, 0x0EFF5B5B, 0x00000000, 0x01FF0000, 0x00000000, 
  0x00000000, 0x01FF0000, 0x00000000, 0x0EFF5B5B, 0xEEFF5454, 0xFFFF5B5B, 0xA2FF5555, 0x00000000, 
  0x00000000, 0x00000000, 0x00000000, 0x00000000, 0x00000000, 0x00000000, 0x00000000, 0x00000000, 
  0x00000000, 0x00000000, 0x00000000, 0x00000000, 0x00000000, 0x00000000, 0x00000000, 0x00000000, 
  0x00000000, 0xA2FF5555, 0xFFFF5B5B, 0xEEFF5454, 0x0EFF5B5B, 0x00000000, 0x01FF0000, 0x00000000, 
  0x00000000, 0x01FF0000, 0x00000000, 0x0CFF5555, 0xEFFF5555, 0xFCFF5858, 0xDEFF5555, 0xA2FF5555, 
  0xA5FF5555, 0xA5FF5555, 0xA5FF5555, 0xA5FF5555, 0xA5FF5555, 0xA5FF5555, 0xA5FF5555, 0xA5FF5555, 
  0xA5FF5555, 0xA5FF5555, 0xA5FF5555, 0xA5FF5555, 0xA5FF5555, 0xA5FF5555, 0xA5FF5555, 0xA5FF5555, 
  0xA2FF5555, 0xDEFF5555, 0xFCFF5858, 0xEFFF5555, 0x0CFF5555, 0x00000000, 0x01FF0000, 0x00000000, 
  0x00000000, 0x00000000, 0x02FF7F7F, 0x01FFFFFF, 0xB0FF5555, 0xFFFF5D5D, 0xFFFF5757, 0xFFFF5C5C, 
  0xFFFF5B5B, 0xFFFF5B5B, 0xFFFF5B5B, 0xFFFF5B5B, 0xFFFF5B5B, 0xFFFF5B5B, 0xFFFF5B5B, 0xFFFF5B5B, 
  0xFFFF5B5B, 0xFFFF5B5B, 0xFFFF5B5B, 0xFFFF5B5B, 0xFFFF5B5B, 0xFFFF5B5B, 0xFFFF5B5B, 0xFFFF5B5B, 
  0xFFFF5C5C, 0xFFFF5757, 0xFFFF5D5D, 0xAFFF5454, 0x01FFFFFF, 0x02FF7F7F, 0x00000000, 0x00000000, 
  0x00000000, 0x00000000, 0x01FFFFFF, 0x01FF0000, 0x1BFF5555, 0xAEFF5656, 0xEFFF5555, 0xEDFF5555, 
  0xEDFF5555, 0xEEFF5454, 0xEEFF5454, 0xEEFF5454, 0xEEFF5454, 0xEEFF5454, 0xEEFF5454, 0xEEFF5454, 
  0xEEFF5454, 0xEEFF5454, 0xEEFF5454, 0xEEFF5454, 0xEEFF5454, 0xEEFF5454, 0xEEFF5454, 0xEDFF5555, 
  0xEDFF5555, 0xEEFF5555, 0xAEFF5656, 0x1BFF5555, 0x01FF0000, 0x01FFFFFF, 0x00000000, 0x00000000, 
  0x00000000, 0x00000000, 0x00000000, 0x00000000, 0x00000000, 0x00000000, 0x0EFF4848, 0x0EFF5B5B, 
  0x0EFF5B5B, 0x0EFF5B5B, 0x0EFF5B5B, 0x0EFF5B5B, 0x0EFF5B5B, 0x0EFF5B5B, 0x0EFF5B5B, 0x0EFF5B5B, 
  0x0EFF5B5B, 0x0EFF5B5B, 0x0EFF5B5B, 0x0EFF5B5B, 0x0EFF5B5B, 0x0EFF5B5B, 0x0EFF5B5B, 0x0EFF5B5B, 
  0x0EFF5B5B, 0x0DFF4E4E, 0x00000000, 0x00000000, 0x00000000, 0x00000000, 0x00000000, 0x00000000, 
  0x00000000, 0x00000000, 0x00000000, 0x00000000, 0x01FF0000, 0x01FF0000, 0x00000000, 0x00000000, 
  0x00000000, 0x00000000, 0x00000000, 0x00000000, 0x00000000, 0x00000000, 0x00000000, 0x00000000, 
  0x00000000, 0x00000000, 0x00000000, 0x00000000, 0x00000000, 0x00000000, 0x00000000, 0x00000000, 
  0x00000000, 0x00000000, 0x01FF0000, 0x01FF0000, 0x00000000, 0x00000000, 0x00000000, 0x00000000, 
  0x00000000, 0x00000000, 0x00000000, 0x00000000, 0x00000000, 0x00000000, 0x01FF0000, 0x01FF0000, 
  0x01FF0000, 0x01FF0000, 0x01FF0000, 0x01FF0000, 0x01FF0000, 0x01FF0000, 0x01FF0000, 0x01FF0000, 
  0x01FF0000, 0x01FF0000, 0x01FF0000, 0x01FF0000, 0x01FF0000, 0x01FF0000, 0x01FF0000, 0x01FF0000, 
  0x01FF0000, 0x01FF0000, 0x00000000, 0x00000000, 0x00000000, 0x00000000, 0x00000000, 0x00000000, 
  0x00000000, 0x00000000, 0x00000000, 0x00000000, 0x00000000, 0x00000000, 0x00000000, 0x00000000, 
  0x00000000, 0x00000000, 0x00000000, 0x00000000, 0x00000000, 0x00000000, 0x00000000, 0x00000000, 
  0x00000000, 0x00000000, 0x00000000, 0x00000000, 0x00000000, 0x00000000, 0x00000000, 0x00000000, 
  0x00000000, 0x00000000, 0x00000000, 0x00000000, 0x00000000, 0x00000000, 0x00000000, 0x00000000

};

static const uint32_t ICON_SETTINGS[1024] = {
  0x00000000, 0x00000000, 0x00000000, 0x00000000, 0x00000000, 0x00000000, 0x00000000, 0x00000000, 
  0x00000000, 0x00000000, 0x00000000, 0x00000000, 0x01FF00FF, 0x04FF3FFF, 0x04FF3FFF, 0x04FF3FFF, 
  0x04FF3FFF, 0x04FF3FFF, 0x04FF3FFF, 0x01FF00FF, 0x00000000, 0x00000000, 0x00000000, 0x00000000, 
  0x00000000, 0x00000000, 0x00000000, 0x00000000, 0x00000000, 0x00000000, 0x00000000, 0x00000000, 
  0x00000000, 0x00000000, 0x00000000, 0x00000000, 0x00000000, 0x00000000, 0x00000000, 0x00000000, 
  0x00000000, 0x00000000, 0x00000000, 0x00000000, 0x00000000, 0x00000000, 0x00000000, 0x00000000, 
  0x00000000, 0x00000000, 0x00000000, 0x00000000, 0x00000000, 0x00000000, 0x00000000, 0x00000000, 
  0x00000000, 0x00000000, 0x00000000, 0x00000000, 0x00000000, 0x00000000, 0x00000000, 0x00000000, 
  0x00000000, 0x00000000, 0x00000000, 0x00000000, 0x00000000, 0x00000000, 0x00000000, 0x00000000, 
  0x00000000, 0x00000000, 0x00000000, 0x00000000, 0x0FFF55FF, 0x57FF55FF, 0x5BFF56FF, 0x59FF55FF, 
  0x59FF55FF, 0x5BFF56FF, 0x56FF55FF, 0x0EFF5BFF, 0x00000000, 0x00000000, 0x00000000, 0x00000000, 
  0x00000000, 0x00000000, 0x00000000, 0x00000000, 0x00000000, 0x00000000, 0x00000000, 0x00000000, 
  0x00000000, 0x00000000, 0x00000000, 0x00000000, 0x00000000, 0x00000000, 0x00000000, 0x00000000, 
  0x00000000, 0x00000000, 0x04FF3FFF, 0x00000000, 0x60FF55FF, 0xFFFF5CFF, 0xFFFF57FF, 0xFFFF58FF, 
  0xFFFF58FF, 0xFFFF57FF, 0xFFFF5CFF, 0x5FFF55FF, 0x00000000, 0x04FF3FFF, 0x00000000, 0x00000000, 
  0x00000000, 0x00000000, 0x00000000, 0x00000000, 0x00000000, 0x00000000, 0x00000000, 0x00000000, 
  0x00000000, 0x00000000, 0x00000000, 0x00000000, 0x00000000, 0x01FF00FF, 0x03FF55FF, 0x01FF00FF, 
  0x00000000, 0x00000000, 0x05FF33FF, 0x01FF00FF, 0x83FF55FF, 0xFDFF5BFF, 0xF9FF55FF, 0xFDFF54FF, 
  0xFDFF54FF, 0xF9FF55FF, 0xFDFF5BFF, 0x83FF55FF, 0x01FF00FF, 0x05FF33FF, 0x00000000, 0x00000000, 
  0x01FF00FF, 0x03FF55FF, 0x01FF00FF, 0x00000000, 0x00000000, 0x00000000, 0x00000000, 0x00000000, 
  0x00000000, 0x00000000, 0x00000000, 0x00000000, 0x00000000, 0x00000000, 0x00000000, 0x00000000, 
  0x04FF3FFF, 0x02FF00FF, 0x05FF66FF, 0x00000000, 0xA0FF54FF, 0xFFFF5BFF, 0xFBFF55FF, 0xFFFF55FF, 
  0xFFFF55FF, 0xFBFF55FF, 0xFFFF5BFF, 0x9EFF55FF, 0x00000000, 0x05FF66FF, 0x02FF00FF, 0x04FF3FFF, 
  0x00000000, 0x00000000, 0x00000000, 0x00000000, 0x00000000, 0x00000000, 0x00000000, 0x00000000, 
  0x00000000, 0x00000000, 0x00000000, 0x01FF00FF, 0x01FF00FF, 0x09FF55FF, 0x42FF55FF, 0x0AFF66FF, 
  0x00000000, 0x00000000, 0x00000000, 0x0FFF55FF, 0xCEFF55FF, 0xFFFF58FF, 0xFDFF54FF, 0xFFFF55FF, 
  0xFFFF55FF, 0xFDFF54FF, 0xFFFF58FF, 0xCDFF55FF, 0x0FFF55FF, 0x00000000, 0x00000000, 0x00000000, 
  0x0AFF66FF, 0x42FF55FF, 0x09FF55FF, 0x01FF00FF, 0x01FF00FF, 0x00000000, 0x00000000, 0x00000000, 
  0x00000000, 0x00000000, 0x00000000, 0x03FF55FF, 0x00000000, 0x7BFF55FF, 0xFFFF5BFF, 0xD9FF54FF, 
  0x81FF55FF, 0x24FF55FF, 0x57FF55FF, 0xDBFF57FF, 0xFFFF56FF, 0xFEFF55FF, 0xFFFF55FF, 0xFFFF55FF, 
  0xFFFF55FF, 0xFFFF55FF, 0xFEFF55FF, 0xFFFF56FF, 0xDAFF57FF, 0x56FF55FF, 0x24FF55FF, 0x81FF55FF, 
  0xD9FF54FF, 0xFFFF5BFF, 0x7AFF55FF, 0x00000000, 0x03FF55FF, 0x00000000, 0x00000000, 0x00000000, 
  0x00000000, 0x00000000, 0x02FF7FFF, 0x01FF00FF, 0x21FF55FF, 0xF2FF55FF, 0xFFFF56FF, 0xFFFF57FF, 
  0xFFFF5AFF, 0xF6FF55FF, 0xFFFF57FF, 0xFFFF58FF, 0xFEFF55FF, 0xFFFF55FF, 0xFFFF55FF, 0xFFFF55FF, 
  0xFFFF55FF, 0xFFFF55FF, 0xFFFF55FF, 0xFEFF55FF, 0xFFFF58FF, 0xFFFF57FF, 0xF6FF55FF, 0xFFFF5AFF, 
  0xFFFF57FF, 0xFFFF56FF, 0xF1FF55FF, 0x20FF57FF, 0x01FF00FF, 0x02FF7FFF, 0x00000000, 0x00000000, 
  0x00000000, 0x00000000, 0x02FF7FFF, 0x00000000, 0xA3FF54FF, 0xFFFF5AFF, 0xFBFF55FF, 0xFDFF54FF, 
  0xFBFF55FF, 0xFFFF56FF, 0xFEFF55FF, 0xFDFF54FF, 0xFFFF55FF, 0xFEFF55FF, 0xFBFF55FF, 0xFDFF54FF, 
  0xFDFF54FF, 0xFBFF55FF, 0xFEFF55FF, 0xFFFF55FF, 0xFDFF54FF, 0xFEFF55FF, 0xFFFF56FF, 0xFBFF55FF, 
  0xFDFF54FF, 0xFBFF55FF, 0xFFFF5AFF, 0xA3FF54FF, 0x00000000, 0x02FF7FFF, 0x00000000, 0x00000000, 
  0x00000000, 0x03FF55FF, 0x00000000, 0x3BFF56FF, 0xFCFF58FF, 0xFDFF55FF, 0xFEFF55FF, 0xFFFF55FF, 
  0xFFFF55FF, 0xFEFF55FF, 0xFFFF55FF, 0xFFFF55FF, 0xFDFF54FF, 0xFFFF56FF, 0xFFFF5BFF, 0xFFFF59FF, 
  0xFFFF59FF, 0xFFFF5BFF, 0xFFFF56FF, 0xFDFF54FF, 0xFFFF55FF, 0xFFFF55FF, 0xFEFF55FF, 0xFFFF55FF, 
  0xFFFF55FF, 0xFEFF55FF, 0xFCFF56FF, 0xFDFF56FF, 0x3CFF55FF, 0x00000000, 0x03FF55FF, 0x00000000, 
  0x01FF00FF, 0x01FF00FF, 0x04FF7FFF, 0xCEFF55FF, 0xFDFF58FF, 0xFBFF54FF, 0xFFFF55FF, 0xFFFF55FF, 
  0xFFFF55FF, 0xFFFF55FF, 0xFFFF55FF, 0xFEFF54FF, 0xFFFF58FF, 0xF0FF55FF, 0x94FF56FF, 0x61FF54FF, 
  0x61FF54FF, 0x95FF55FF, 0xF0FF55FF, 0xFFFF58FF, 0xFEFF54FF, 0xFFFF55FF, 0xFFFF55FF, 0xFFFF55FF, 
  0xFFFF55FF, 0xFFFF55FF, 0xFBFF54FF, 0xFDFF58FF, 0xCDFF54FF, 0x04FF7FFF, 0x01FF00FF, 0x01FF00FF, 
  0x01FF00FF, 0x01FF00FF, 0x04FF3FFF, 0x9FFF55FF, 0xFFFF5AFF, 0xFEFF55FF, 0xFEFF54FF, 0xFFFF55FF, 
  0xFFFF55FF, 0xFFFF55FF, 0xFDFF54FF, 0xFFFF58FF, 0xD0FF55FF, 0x28FF52FF, 0x00000000, 0x00000000, 
  0x00000000, 0x00000000, 0x29FF57FF, 0xD1FF55FF, 0xFFFF58FF, 0xFDFF54FF, 0xFFFF55FF, 0xFFFF55FF, 
  0xFFFF55FF, 0xFEFF54FF, 0xFEFF55FF, 0xFFFF5AFF, 0x9DFF56FF, 0x03FF55FF, 0x01FF00FF, 0x01FF00FF, 
  0x00000000, 0x00000000, 0x00000000, 0x00000000, 0x71FF55FF, 0xFAFF56FF, 0xFFFF56FF, 0xFEFF55FF, 
  0xFFFF55FF, 0xFEFF54FF, 0xFFFF56FF, 0xEEFF55FF, 0x22FF52FF, 0x00000000, 0x05FF66FF, 0x04FF3FFF, 
  0x04FF3FFF, 0x05FF66FF, 0x00000000, 0x23FF57FF, 0xEFFF56FF, 0xFFFF56FF, 0xFEFF54FF, 0xFFFF55FF, 
  0xFEFF55FF, 0xFFFF56FF, 0xFAFF56FF, 0x71FF55FF, 0x00000000, 0x00000000, 0x00000000, 0x00000000, 
  0x00000000, 0x00000000, 0x00000000, 0x02FF7FFF, 0x00000000, 0x45FF55FF, 0xF2FF56FF, 0xFEFF56FF, 
  0xFEFF55FF, 0xFBFF55FF, 0xFFFF5BFF, 0x93FF53FF, 0x00000000, 0x05FF66FF, 0x00000000, 0x00000000, 
  0x00000000, 0x00000000, 0x05FF66FF, 0x00000000, 0x95FF53FF, 0xFFFF5BFF, 0xFBFF55FF, 0xFEFF55FF, 
  0xFEFF56FF, 0xF2FF56FF, 0x45FF55FF, 0x00000000, 0x02FF7FFF, 0x00000000, 0x00000000, 0x00000000, 
  0x00000000, 0x00000000, 0x00000000, 0x01FF00FF, 0x02FF7FFF, 0x05FF66FF, 0xECFF54FF, 0xFFFF57FF, 
  0xFEFF55FF, 0xFCFF55FF, 0xFFFF59FF, 0x5EFF54FF, 0x01FF00FF, 0x04FF3FFF, 0x00000000, 0x00000000, 
  0x00000000, 0x00000000, 0x04FF3FFF, 0x01FF00FF, 0x5FFF55FF, 0xFFFF59FF, 0xFDFF54FF, 0xFEFF55FF, 
  0xFFFF57FF, 0xEBFF54FF, 0x05FF66FF, 0x02FF7FFF, 0x01FF00FF, 0x00000000, 0x00000000, 0x00000000, 
  0x00000000, 0x00000000, 0x00000000, 0x01FF00FF, 0x02FF7FFF, 0x04FF3FFF, 0xECFF54FF, 0xFFFF57FF, 
  0xFEFF55FF, 0xFDFF54FF, 0xFFFF59FF, 0x5FFF53FF, 0x01FF00FF, 0x04FF3FFF, 0x00000000, 0x00000000, 
  0x00000000, 0x00000000, 0x04FF3FFF, 0x01FF00FF, 0x60FF55FF, 0xFFFF59FF, 0xFDFF54FF, 0xFEFF55FF, 
  0xFFFF57FF, 0xEBFF54FF, 0x04FF3FFF, 0x02FF7FFF, 0x01FF00FF, 0x00000000, 0x00000000, 0x00000000, 
  0x00000000, 0x00000000, 0x00000000, 0x02FF7FFF, 0x00000000, 0x4BFF55FF, 0xF3FF57FF, 0xFEFF56FF, 
  0xFEFF55FF, 0xFBFF55FF, 0xFFFF5BFF, 0x94FF54FF, 0x00000000, 0x05FF66FF, 0x00000000, 0x00000000, 
  0x00000000, 0x00000000, 0x05FF66FF, 0x00000000, 0x96FF53FF, 0xFFFF5BFF, 0xFBFF55FF, 0xFEFF55FF, 
  0xFEFF56FF, 0xF2FF57FF, 0x4BFF55FF, 0x00000000, 0x02FF7FFF, 0x00000000, 0x00000000, 0x00000000, 
  0x00000000, 0x01FF00FF, 0x00000000, 0x00000000, 0x75FF55FF, 0xFCFF57FF, 0xFFFF56FF, 0xFEFF55FF, 
  0xFFFF55FF, 0xFEFF54FF, 0xFFFF56FF, 0xEEFF55FF, 0x23FF57FF, 0x00000000, 0x05FF66FF, 0x04FF3FFF, 
  0x04FF3FFF, 0x05FF66FF, 0x00000000, 0x24FF55FF, 0xEFFF56FF, 0xFFFF56FF, 0xFEFF54FF, 0xFFFF55FF, 
  0xFEFF55FF, 0xFFFF56FF, 0xFCFF57FF, 0x75FF55FF, 0x00000000, 0x00000000, 0x01FF00FF, 0x00000000, 
  0x01FF00FF, 0x01FF00FF, 0x04FF3FFF, 0x9FFF55FF, 0xFFFF5AFF, 0xFEFF55FF, 0xFEFF55FF, 0xFFFF55FF, 
  0xFFFF55FF, 0xFFFF55FF, 0xFDFF54FF, 0xFFFF58FF, 0xD1FF55FF, 0x29FF57FF, 0x00000000, 0x00000000, 
  0x00000000, 0x00000000, 0x29FF57FF, 0xD1FF55FF, 0xFFFF58FF, 0xFDFF54FF, 0xFFFF55FF, 0xFFFF55FF, 
  0xFFFF55FF, 0xFEFF55FF, 0xFEFF55FF, 0xFFFF5AFF, 0x9EFF55FF, 0x03FF55FF, 0x01FF00FF, 0x01FF00FF, 
  0x01FF00FF, 0x01FF00FF, 0x04FF7FFF, 0xCDFF54FF, 0xFDFF58FF, 0xFBFF54FF, 0xFFFF55FF, 0xFFFF55FF, 
  0xFFFF55FF, 0xFFFF55FF, 0xFFFF55FF, 0xFEFF54FF, 0xFFFF58FF, 0xF0FF55FF, 0x96FF55FF, 0x62FF55FF, 
  0x62FF55FF, 0x96FF55FF, 0xF1FF54FF, 0xFFFF58FF, 0xFEFF54FF, 0xFFFF55FF, 0xFFFF55FF, 0xFFFF55FF, 
  0xFFFF55FF, 0xFFFF55FF, 0xFBFF54FF, 0xFDFF58FF, 0xCDFF54FF, 0x04FF7FFF, 0x01FF00FF, 0x01FF00FF, 
  0x00000000, 0x03FF55FF, 0x00000000, 0x3AFF57FF, 0xFCFF57FF, 0xFDFF55FF, 0xFEFF55FF, 0xFFFF55FF, 
  0xFFFF55FF, 0xFEFF55FF, 0xFFFF55FF, 0xFFFF55FF, 0xFDFF54FF, 0xFFFF56FF, 0xFFFF5BFF, 0xFFFF59FF, 
  0xFFFF59FF, 0xFFFF5BFF, 0xFFFF56FF, 0xFDFF54FF, 0xFFFF55FF, 0xFFFF55FF, 0xFEFF55FF, 0xFFFF55FF, 
  0xFFFF55FF, 0xFEFF55FF, 0xFCFF56FF, 0xFDFF56FF, 0x3CFF55FF, 0x00000000, 0x03FF55FF, 0x00000000, 
  0x00000000, 0x00000000, 0x02FF7FFF, 0x00000000, 0xA2FF55FF, 0xFFFF5AFF, 0xFBFF55FF, 0xFDFF54FF, 
  0xFBFF55FF, 0xFFFF56FF, 0xFEFF55FF, 0xFDFF54FF, 0xFFFF55FF, 0xFEFF55FF, 0xFBFF55FF, 0xFDFF54FF, 
  0xFDFF54FF, 0xFBFF55FF, 0xFEFF55FF, 0xFFFF55FF, 0xFDFF54FF, 0xFEFF55FF, 0xFFFF56FF, 0xFBFF55FF, 
  0xFDFF54FF, 0xFBFF55FF, 0xFFFF5AFF, 0xA3FF54FF, 0x00000000, 0x02FF7FFF, 0x00000000, 0x00000000, 
  0x00000000, 0x00000000, 0x02FF7FFF, 0x01FF00FF, 0x20FF57FF, 0xF1FF55FF, 0xFFFF56FF, 0xFFFF57FF, 
  0xFFFF5AFF, 0xF5FF55FF, 0xFFFF56FF, 0xFFFF58FF, 0xFEFF55FF, 0xFFFF55FF, 0xFFFF55FF, 0xFFFF55FF, 
  0xFFFF55FF, 0xFFFF55FF, 0xFFFF55FF, 0xFEFF55FF, 0xFFFF58FF, 0xFFFF56FF, 0xF5FF55FF, 0xFFFF5AFF, 
  0xFFFF57FF, 0xFFFF56FF, 0xF1FF55FF, 0x20FF57FF, 0x01FF00FF, 0x02FF7FFF, 0x00000000, 0x00000000, 
  0x00000000, 0x00000000, 0x00000000, 0x03FF55FF, 0x00000000, 0x7AFF55FF, 0xFFFF5BFF, 0xD8FF55FF, 
  0x7FFF54FF, 0x22FF52FF, 0x54FF55FF, 0xDAFF57FF, 0xFEFF56FF, 0xFEFF55FF, 0xFFFF55FF, 0xFFFF55FF, 
  0xFFFF55FF, 0xFFFF55FF, 0xFEFF55FF, 0xFEFF56FF, 0xD8FF57FF, 0x53FF56FF, 0x22FF52FF, 0x7FFF54FF, 
  0xD7FF55FF, 0xFFFF5BFF, 0x7BFF55FF, 0x00000000, 0x03FF55FF, 0x00000000, 0x00000000, 0x00000000, 
  0x00000000, 0x00000000, 0x00000000, 0x01FF00FF, 0x01FF00FF, 0x09FF55FF, 0x41FF56FF, 0x0AFF4CFF, 
  0x00000000, 0x00000000, 0x00000000, 0x0FFF44FF, 0xCDFF55FF, 0xFFFF58FF, 0xFDFF54FF, 0xFFFF55FF, 
  0xFFFF55FF, 0xFDFF54FF, 0xFFFF58FF, 0xCDFF55FF, 0x0EFF48FF, 0x00000000, 0x00000000, 0x00000000, 
  0x0AFF4CFF, 0x41FF56FF, 0x09FF55FF, 0x01FF00FF, 0x01FF00FF, 0x00000000, 0x00000000, 0x00000000, 
  0x00000000, 0x00000000, 0x00000000, 0x00000000, 0x00000000, 0x00000000, 0x00000000, 0x00000000, 
  0x04FF3FFF, 0x01FF00FF, 0x05FF66FF, 0x00000000, 0xA0FF54FF, 0xFFFF5BFF, 0xFBFF55FF, 0xFFFF55FF, 
  0xFFFF55FF, 0xFBFF55FF, 0xFFFF5BFF, 0xA0FF54FF, 0x00000000, 0x05FF66FF, 0x01FF00FF, 0x04FF3FFF, 
  0x00000000, 0x00000000, 0x00000000, 0x00000000, 0x00000000, 0x00000000, 0x00000000, 0x00000000, 
  0x00000000, 0x00000000, 0x00000000, 0x00000000, 0x00000000, 0x01FF00FF, 0x03FF55FF, 0x01FF00FF, 
  0x00000000, 0x00000000, 0x05FF33FF, 0x01FF00FF, 0x83FF55FF, 0xFDFF5BFF, 0xF9FF55FF, 0xFDFF54FF, 
  0xFDFF54FF, 0xF9FF55FF, 0xFDFF5BFF, 0x84FF55FF, 0x01FF00FF, 0x05FF33FF, 0x00000000, 0x00000000, 
  0x01FF00FF, 0x03FF55FF, 0x01FF00FF, 0x00000000, 0x00000000, 0x00000000, 0x00000000, 0x00000000, 
  0x00000000, 0x00000000, 0x00000000, 0x00000000, 0x00000000, 0x00000000, 0x00000000, 0x00000000, 
  0x00000000, 0x00000000, 0x04FF3FFF, 0x00000000, 0x5FFF55FF, 0xFFFF5CFF, 0xFFFF57FF, 0xFFFF58FF, 
  0xFFFF58FF, 0xFFFF57FF, 0xFFFF5CFF, 0x5FFF55FF, 0x00000000, 0x04FF3FFF, 0x00000000, 0x00000000, 
  0x00000000, 0x00000000, 0x00000000, 0x00000000, 0x00000000, 0x00000000, 0x00000000, 0x00000000, 
  0x00000000, 0x00000000, 0x00000000, 0x00000000, 0x00000000, 0x00000000, 0x00000000, 0x00000000, 
  0x00000000, 0x00000000, 0x00000000, 0x00000000, 0x0EFF5BFF, 0x56FF55FF, 0x5BFF56FF, 0x59FF55FF, 
  0x59FF55FF, 0x5BFF56FF, 0x56FF55FF, 0x0EFF5BFF, 0x00000000, 0x00000000, 0x00000000, 0x00000000, 
  0x00000000, 0x00000000, 0x00000000, 0x00000000, 0x00000000, 0x00000000, 0x00000000, 0x00000000, 
  0x00000000, 0x00000000, 0x00000000, 0x00000000, 0x00000000, 0x00000000, 0x00000000, 0x00000000, 
  0x00000000, 0x00000000, 0x00000000, 0x00000000, 0x00000000, 0x00000000, 0x00000000, 0x00000000, 
  0x00000000, 0x00000000, 0x00000000, 0x00000000, 0x00000000, 0x00000000, 0x00000000, 0x00000000, 
  0x00000000, 0x00000000, 0x00000000, 0x00000000, 0x00000000, 0x00000000, 0x00000000, 0x00000000, 
  0x00000000, 0x00000000, 0x00000000, 0x00000000, 0x00000000, 0x00000000, 0x00000000, 0x00000000, 
  0x00000000, 0x00000000, 0x00000000, 0x00000000, 0x01FF00FF, 0x04FF3FFF, 0x04FF3FFF, 0x04FF3FFF, 
  0x04FF3FFF, 0x04FF3FFF, 0x04FF3FFF, 0x01FF00FF, 0x00000000, 0x00000000, 0x00000000, 0x00000000, 
  0x00000000, 0x00000000, 0x00000000, 0x00000000, 0x00000000, 0x00000000, 0x00000000, 0x00000000

};

static const uint32_t ICON_TERMINAL[1024] = {
  0x00000000, 0x00000000, 0x00000000, 0x00000000, 0x00000000, 0x00000000, 0x00000000, 0x00000000, 
  0x00000000, 0x00000000, 0x00000000, 0x00000000, 0x00000000, 0x00000000, 0x00000000, 0x00000000, 
  0x00000000, 0x00000000, 0x00000000, 0x00000000, 0x00000000, 0x00000000, 0x00000000, 0x00000000, 
  0x00000000, 0x00000000, 0x00000000, 0x00000000, 0x00000000, 0x00000000, 0x00000000, 0x00000000, 
  0x00000000, 0x00000000, 0x00000000, 0x00000000, 0x0100FF00, 0x0100FF00, 0x0100FF00, 0x0100FF00, 
  0x0100FF00, 0x0100FF00, 0x0100FF00, 0x0100FF00, 0x0100FF00, 0x0100FF00, 0x0100FF00, 0x0100FF00, 
  0x0100FF00, 0x0100FF00, 0x0100FF00, 0x0100FF00, 0x0100FF00, 0x0100FF00, 0x0100FF00, 0x0100FF00, 
  0x0100FF00, 0x0100FF00, 0x0100FF00, 0x0100FF00, 0x00000000, 0x00000000, 0x00000000, 0x00000000, 
  0x00000000, 0x00000000, 0x00000000, 0x0355FF55, 0x00000000, 0x00000000, 0x00000000, 0x00000000, 
  0x00000000, 0x00000000, 0x00000000, 0x00000000, 0x00000000, 0x00000000, 0x00000000, 0x00000000, 
  0x00000000, 0x00000000, 0x00000000, 0x00000000, 0x00000000, 0x00000000, 0x00000000, 0x00000000, 
  0x00000000, 0x00000000, 0x00000000, 0x00000000, 0x0355FF55, 0x00000000, 0x00000000, 0x00000000, 
  0x00000000, 0x00000000, 0x0100FF00, 0x00000000, 0x0355FF55, 0x0E5BFF5B, 0x0E48FF48, 0x0E5BFF5B, 
  0x0E5BFF5B, 0x0E5BFF5B, 0x0E5BFF5B, 0x0E5BFF5B, 0x0E5BFF5B, 0x0E5BFF5B, 0x0E5BFF5B, 0x0E5BFF5B, 
  0x0E5BFF5B, 0x0E5BFF5B, 0x0E5BFF5B, 0x0E5BFF5B, 0x0E5BFF5B, 0x0E5BFF5B, 0x0E5BFF5B, 0x0E5BFF5B, 
  0x0E5BFF5B, 0x0E5BFF5B, 0x0E5BFF5B, 0x0300FF00, 0x00000000, 0x0100FF00, 0x00000000, 0x00000000, 
  0x00000000, 0x0200FF00, 0x00000000, 0x4855FF55, 0xCE57FF57, 0xF056FF56, 0xF154FF54, 0xF154FF54, 
  0xF154FF54, 0xF154FF54, 0xF154FF54, 0xF154FF54, 0xF154FF54, 0xF154FF54, 0xF154FF54, 0xF154FF54, 
  0xF154FF54, 0xF154FF54, 0xF154FF54, 0xF154FF54, 0xF154FF54, 0xF154FF54, 0xF154FF54, 0xF154FF54, 
  0xF154FF54, 0xF154FF54, 0xF056FF56, 0xCD58FF58, 0x4653FF53, 0x00000000, 0x0200FF00, 0x00000000, 
  0x0100FF00, 0x00000000, 0x2057FF57, 0xF355FF55, 0xFF5AFF5A, 0xFF56FF56, 0xFF56FF56, 0xFF56FF56, 
  0xFF56FF56, 0xFF56FF56, 0xFF56FF56, 0xFF56FF56, 0xFF56FF56, 0xFF56FF56, 0xFF56FF56, 0xFF56FF56, 
  0xFF56FF56, 0xFF56FF56, 0xFF56FF56, 0xFF56FF56, 0xFF56FF56, 0xFF56FF56, 0xFF56FF56, 0xFF56FF56, 
  0xFF56FF56, 0xFF56FF56, 0xFF56FF56, 0xFF5AFF5A, 0xF255FF55, 0x1E55FF55, 0x00000000, 0x0100FF00, 
  0x043FFF3F, 0x00000000, 0x5854FF54, 0xFF58FF58, 0xFB54FF54, 0xFE55FF55, 0xFE55FF55, 0xFE55FF55, 
  0xFE55FF55, 0xFE55FF55, 0xFE55FF55, 0xFE55FF55, 0xFE55FF55, 0xFE55FF55, 0xFE55FF55, 0xFE55FF55, 
  0xFE55FF55, 0xFE55FF55, 0xFE55FF55, 0xFE55FF55, 0xFE55FF55, 0xFE55FF55, 0xFE55FF55, 0xFE55FF55, 
  0xFE55FF55, 0xFE55FF55, 0xFE55FF55, 0xFB54FF54, 0xFF58FF58, 0x5755FF55, 0x00000000, 0x043FFF3F, 
  0x043FFF3F, 0x00000000, 0x5A55FF55, 0xFE58FF58, 0xFD54FF54, 0xFE55FF55, 0xFD54FF54, 0xFD54FF54, 
  0xFD54FF54, 0xFD54FF54, 0xFD54FF54, 0xFD54FF54, 0xFD54FF54, 0xFD54FF54, 0xFD54FF54, 0xFD54FF54, 
  0xFD54FF54, 0xFD54FF54, 0xFD54FF54, 0xFD54FF54, 0xFD54FF54, 0xFD54FF54, 0xFD54FF54, 0xFD54FF54, 
  0xFD54FF54, 0xFD54FF54, 0xFE55FF55, 0xFD54FF54, 0xFE58FF58, 0x5A55FF55, 0x00000000, 0x043FFF3F, 
  0x043FFF3F, 0x00000000, 0x5A55FF55, 0xFF58FF58, 0xFD54FF54, 0xFF57FF57, 0xFF58FF58, 0xFF58FF58, 
  0xFF58FF58, 0xFF58FF58, 0xFF58FF58, 0xFF58FF58, 0xFF58FF58, 0xFF58FF58, 0xFF58FF58, 0xFF58FF58, 
  0xFF58FF58, 0xFF58FF58, 0xFF58FF58, 0xFF58FF58, 0xFF58FF58, 0xFF58FF58, 0xFF58FF58, 0xFF58FF58, 
  0xFF58FF58, 0xFF58FF58, 0xFF57FF57, 0xFD54FF54, 0xFF58FF58, 0x5A55FF55, 0x00000000, 0x043FFF3F, 
  0x043FFF3F, 0x00000000, 0x5A55FF55, 0xFF58FF58, 0xFF56FF56, 0x9355FF55, 0x5755FF55, 0x5C55FF55, 
  0x5A55FF55, 0x5A55FF55, 0x5A55FF55, 0x5A55FF55, 0x5A55FF55, 0x5A55FF55, 0x5A55FF55, 0x5A55FF55, 
  0x5A55FF55, 0x5A55FF55, 0x5A55FF55, 0x5A55FF55, 0x5A55FF55, 0x5A55FF55, 0x5A55FF55, 0x5A55FF55, 
  0x5C55FF55, 0x5755FF55, 0x9355FF55, 0xFF56FF56, 0xFF58FF58, 0x5A55FF55, 0x00000000, 0x043FFF3F, 
  0x043FFF3F, 0x00000000, 0x5A55FF55, 0xFF58FF58, 0xFF58FF58, 0x4F57FF57, 0x00000000, 0x00000000, 
  0x00000000, 0x00000000, 0x00000000, 0x00000000, 0x00000000, 0x00000000, 0x00000000, 0x00000000, 
  0x00000000, 0x00000000, 0x00000000, 0x00000000, 0x00000000, 0x00000000, 0x00000000, 0x00000000, 
  0x00000000, 0x00000000, 0x4F57FF57, 0xFF58FF58, 0xFF58FF58, 0x5A55FF55, 0x00000000, 0x043FFF3F, 
  0x043FFF3F, 0x00000000, 0x5A55FF55, 0xFF58FF58, 0xFF58FF58, 0x5C55FF55, 0x0355FF55, 0x1350FF50, 
  0x165CFF5C, 0x0F55FF55, 0x115AFF5A, 0x0100FF00, 0x027FFF7F, 0x0566FF66, 0x0355FF55, 0x043FFF3F, 
  0x043FFF3F, 0x043FFF3F, 0x043FFF3F, 0x043FFF3F, 0x043FFF3F, 0x043FFF3F, 0x043FFF3F, 0x043FFF3F, 
  0x0748FF48, 0x0355FF55, 0x5B56FF56, 0xFF58FF58, 0xFF58FF58, 0x5A55FF55, 0x00000000, 0x043FFF3F, 
  0x043FFF3F, 0x00000000, 0x5A55FF55, 0xFF58FF58, 0xFF58FF58, 0x5B54FF54, 0x00000000, 0x2A55FF55, 
  0xD656FF56, 0xF456FF56, 0xEF57FF57, 0xA855FF55, 0x0655FF55, 0x00000000, 0x0200FF00, 0x00000000, 
  0x00000000, 0x00000000, 0x00000000, 0x00000000, 0x00000000, 0x00000000, 0x00000000, 0x00000000, 
  0x043FFF3F, 0x00000000, 0x5955FF55, 0xFF58FF58, 0xFF58FF58, 0x5A55FF55, 0x00000000, 0x043FFF3F, 
  0x043FFF3F, 0x00000000, 0x5A55FF55, 0xFF58FF58, 0xFF58FF58, 0x5955FF55, 0x00000000, 0x00000000, 
  0x3153FF53, 0xE856FF56, 0xFF59FF59, 0xFF59FF59, 0xAB55FF55, 0x0655FF55, 0x00000000, 0x0200FF00, 
  0x00000000, 0x00000000, 0x00000000, 0x00000000, 0x00000000, 0x00000000, 0x00000000, 0x00000000, 
  0x043FFF3F, 0x00000000, 0x5955FF55, 0xFF58FF58, 0xFF58FF58, 0x5A55FF55, 0x00000000, 0x043FFF3F, 
  0x043FFF3F, 0x00000000, 0x5A55FF55, 0xFF58FF58, 0xFF58FF58, 0x5955FF55, 0x00000000, 0x0748FF48, 
  0x00000000, 0x2B53FF53, 0xE157FF57, 0xFF57FF57, 0xFF59FF59, 0xAB55FF55, 0x0655FF55, 0x00000000, 
  0x0100FF00, 0x00000000, 0x00000000, 0x00000000, 0x00000000, 0x00000000, 0x00000000, 0x00000000, 
  0x043FFF3F, 0x00000000, 0x5955FF55, 0xFF58FF58, 0xFF58FF58, 0x5A55FF55, 0x00000000, 0x043FFF3F, 
  0x043FFF3F, 0x00000000, 0x5A55FF55, 0xFF58FF58, 0xFF58FF58, 0x5955FF55, 0x00000000, 0x043FFF3F, 
  0x043FFF3F, 0x00000000, 0x2A55FF55, 0xE256FF56, 0xFF58FF58, 0xFF5AFF5A, 0xAB55FF55, 0x0655FF55, 
  0x0100FF00, 0x0100FF00, 0x00000000, 0x00000000, 0x00000000, 0x00000000, 0x00000000, 0x00000000, 
  0x043FFF3F, 0x00000000, 0x5955FF55, 0xFF58FF58, 0xFF58FF58, 0x5A55FF55, 0x00000000, 0x043FFF3F, 
  0x043FFF3F, 0x00000000, 0x5A55FF55, 0xFF58FF58, 0xFF58FF58, 0x5955FF55, 0x00000000, 0x043FFF3F, 
  0x00000000, 0x043FFF3F, 0x00000000, 0x2E58FF58, 0xD757FF57, 0xFB56FF56, 0xFF5AFF5A, 0x9E55FF55, 
  0x027FFF7F, 0x0100FF00, 0x0100FF00, 0x00000000, 0x00000000, 0x00000000, 0x00000000, 0x00000000, 
  0x043FFF3F, 0x00000000, 0x5955FF55, 0xFF58FF58, 0xFF58FF58, 0x5A55FF55, 0x00000000, 0x043FFF3F, 
  0x043FFF3F, 0x00000000, 0x5A55FF55, 0xFF58FF58, 0xFF58FF58, 0x5955FF55, 0x00000000, 0x043FFF3F, 
  0x00000000, 0x00000000, 0x0655FF55, 0x00000000, 0x8554FF54, 0xFF58FF58, 0xFD56FF56, 0xF155FF55, 
  0x0955FF55, 0x0100FF00, 0x0200FF00, 0x0100FF00, 0x0100FF00, 0x0100FF00, 0x0100FF00, 0x0100FF00, 
  0x043FFF3F, 0x00000000, 0x5955FF55, 0xFF58FF58, 0xFF58FF58, 0x5A55FF55, 0x00000000, 0x043FFF3F, 
  0x043FFF3F, 0x00000000, 0x5A55FF55, 0xFF58FF58, 0xFF58FF58, 0x5955FF55, 0x00000000, 0x043FFF3F, 
  0x00000000, 0x043FFF3F, 0x00000000, 0x6A54FF54, 0xFB57FF57, 0xFD55FF55, 0xFF58FF58, 0x6553FF53, 
  0x00000000, 0x00000000, 0x00000000, 0x00000000, 0x00000000, 0x00000000, 0x00000000, 0x00000000, 
  0x043FFF3F, 0x00000000, 0x5955FF55, 0xFF58FF58, 0xFF58FF58, 0x5A55FF55, 0x00000000, 0x043FFF3F, 
  0x043FFF3F, 0x00000000, 0x5A55FF55, 0xFF58FF58, 0xFF58FF58, 0x5955FF55, 0x00000000, 0x043FFF3F, 
  0x043FFF3F, 0x00000000, 0x6754FF54, 0xFF57FF57, 0xFE56FF56, 0xFF58FF58, 0x6B53FF53, 0x00000000, 
  0x027FFF7F, 0x0955FF55, 0x0E5BFF5B, 0x0E5BFF5B, 0x0E5BFF5B, 0x0E5BFF5B, 0x0E5BFF5B, 0x0D4EFF4E, 
  0x0533FF33, 0x00000000, 0x5955FF55, 0xFF58FF58, 0xFF58FF58, 0x5A55FF55, 0x00000000, 0x043FFF3F, 
  0x043FFF3F, 0x00000000, 0x5A55FF55, 0xFF58FF58, 0xFF58FF58, 0x5955FF55, 0x00000000, 0x0566FF66, 
  0x00000000, 0x6355FF55, 0xFD57FF57, 0xFD55FF55, 0xFF58FF58, 0x6B53FF53, 0x00000000, 0x0533FF33, 
  0x00000000, 0x9B53FF53, 0xEE5AFF5A, 0xEB54FF54, 0xEE54FF54, 0xED55FF55, 0xEE55FF55, 0xE155FF55, 
  0x105FFF5F, 0x00000000, 0x5A55FF55, 0xFF58FF58, 0xFF58FF58, 0x5A55FF55, 0x00000000, 0x043FFF3F, 
  0x043FFF3F, 0x00000000, 0x5A55FF55, 0xFF58FF58, 0xFF58FF58, 0x5A55FF55, 0x00000000, 0x043FFF3F, 
  0x7555FF55, 0xFF5DFF5D, 0xFF5BFF5B, 0xFF58FF58, 0x6B53FF53, 0x00000000, 0x043FFF3F, 0x027FFF7F, 
  0x00000000, 0xB254FF54, 0xFF61FF61, 0xFF5AFF5A, 0xFF5BFF5B, 0xFF5BFF5B, 0xFF5CFF5C, 0xFF56FF56, 
  0x1255FF55, 0x00000000, 0x5A55FF55, 0xFF58FF58, 0xFF58FF58, 0x5A55FF55, 0x00000000, 0x043FFF3F, 
  0x043FFF3F, 0x00000000, 0x5A55FF55, 0xFF58FF58, 0xFF58FF58, 0x5B56FF56, 0x00000000, 0x2957FF57, 
  0xA954FF54, 0xA455FF55, 0xA657FF57, 0x6253FF53, 0x00000000, 0x0355FF55, 0x0100FF00, 0x027FFF7F, 
  0x00000000, 0x6B53FF53, 0xA758FF58, 0xA354FF54, 0xA555FF55, 0xA455FF55, 0xA555FF55, 0x9C53FF53, 
  0x0D4EFF4E, 0x00000000, 0x5A55FF55, 0xFF58FF58, 0xFF58FF58, 0x5A55FF55, 0x00000000, 0x043FFF3F, 
  0x043FFF3F, 0x00000000, 0x5A55FF55, 0xFF58FF58, 0xFF58FF58, 0x5A55FF55, 0x027FFF7F, 0x083FFF3F, 
  0x00000000, 0x00000000, 0x00000000, 0x00000000, 0x043FFF3F, 0x027FFF7F, 0x027FFF7F, 0x027FFF7F, 
  0x027FFF7F, 0x00000000, 0x00000000, 0x00000000, 0x00000000, 0x00000000, 0x00000000, 0x00000000, 
  0x0533FF33, 0x027FFF7F, 0x5A55FF55, 0xFF58FF58, 0xFF58FF58, 0x5A55FF55, 0x00000000, 0x043FFF3F, 
  0x043FFF3F, 0x00000000, 0x5A55FF55, 0xFE58FF58, 0xFF58FF58, 0x5356FF56, 0x00000000, 0x00000000, 
  0x00000000, 0x00000000, 0x00000000, 0x00000000, 0x00000000, 0x00000000, 0x00000000, 0x00000000, 
  0x00000000, 0x00000000, 0x00000000, 0x00000000, 0x00000000, 0x00000000, 0x00000000, 0x00000000, 
  0x00000000, 0x00000000, 0x5356FF56, 0xFF58FF58, 0xFE58FF58, 0x5A55FF55, 0x00000000, 0x043FFF3F, 
  0x043FFF3F, 0x00000000, 0x5854FF54, 0xFF58FF58, 0xFC56FF56, 0xC454FF54, 0xA054FF54, 0xA654FF54, 
  0xA555FF55, 0xA555FF55, 0xA555FF55, 0xA555FF55, 0xA555FF55, 0xA555FF55, 0xA555FF55, 0xA555FF55, 
  0xA555FF55, 0xA555FF55, 0xA555FF55, 0xA555FF55, 0xA555FF55, 0xA555FF55, 0xA555FF55, 0xA555FF55, 
  0xA654FF54, 0xA054FF54, 0xC454FF54, 0xFC56FF56, 0xFF58FF58, 0x5755FF55, 0x00000000, 0x043FFF3F, 
  0x0100FF00, 0x00000000, 0x1F5AFF5A, 0xF355FF55, 0xFF5AFF5A, 0xFF59FF59, 0xFF5CFF5C, 0xFF5BFF5B, 
  0xFF5BFF5B, 0xFF5BFF5B, 0xFF5BFF5B, 0xFF5BFF5B, 0xFF5BFF5B, 0xFF5BFF5B, 0xFF5BFF5B, 0xFF5BFF5B, 
  0xFF5BFF5B, 0xFF5BFF5B, 0xFF5BFF5B, 0xFF5BFF5B, 0xFF5BFF5B, 0xFF5BFF5B, 0xFF5BFF5B, 0xFF5BFF5B, 
  0xFF5BFF5B, 0xFF5CFF5C, 0xFF59FF59, 0xFF5AFF5A, 0xF254FF54, 0x1E55FF55, 0x00000000, 0x0100FF00, 
  0x00000000, 0x0200FF00, 0x00000000, 0x4657FF57, 0xCD58FF58, 0xEE55FF55, 0xED55FF55, 0xEE54FF54, 
  0xEE54FF54, 0xEE54FF54, 0xEE54FF54, 0xEE54FF54, 0xEE54FF54, 0xEE54FF54, 0xEE54FF54, 0xEE54FF54, 
  0xEE54FF54, 0xEE54FF54, 0xEE54FF54, 0xEE54FF54, 0xEE54FF54, 0xEE54FF54, 0xEE54FF54, 0xEE54FF54, 
  0xEE54FF54, 0xED55FF55, 0xEE55FF55, 0xCD58FF58, 0x4653FF53, 0x00000000, 0x0200FF00, 0x00000000, 
  0x00000000, 0x00000000, 0x0100FF00, 0x00000000, 0x0300FF00, 0x0E5BFF5B, 0x0E5BFF5B, 0x0E5BFF5B, 
  0x0E5BFF5B, 0x0E5BFF5B, 0x0E5BFF5B, 0x0E5BFF5B, 0x0E5BFF5B, 0x0E5BFF5B, 0x0E5BFF5B, 0x0E5BFF5B, 
  0x0E5BFF5B, 0x0E5BFF5B, 0x0E5BFF5B, 0x0E5BFF5B, 0x0E5BFF5B, 0x0E5BFF5B, 0x0E5BFF5B, 0x0E5BFF5B, 
  0x0E5BFF5B, 0x0E5BFF5B, 0x0E5BFF5B, 0x0300FF00, 0x00000000, 0x0100FF00, 0x00000000, 0x00000000, 
  0x00000000, 0x00000000, 0x00000000, 0x0355FF55, 0x00000000, 0x00000000, 0x00000000, 0x00000000, 
  0x00000000, 0x00000000, 0x00000000, 0x00000000, 0x00000000, 0x00000000, 0x00000000, 0x00000000, 
  0x00000000, 0x00000000, 0x00000000, 0x00000000, 0x00000000, 0x00000000, 0x00000000, 0x00000000, 
  0x00000000, 0x00000000, 0x00000000, 0x00000000, 0x0355FF55, 0x00000000, 0x00000000, 0x00000000, 
  0x00000000, 0x00000000, 0x00000000, 0x00000000, 0x0100FF00, 0x0100FF00, 0x0100FF00, 0x0100FF00, 
  0x0100FF00, 0x0100FF00, 0x0100FF00, 0x0100FF00, 0x0100FF00, 0x0100FF00, 0x0100FF00, 0x0100FF00, 
  0x0100FF00, 0x0100FF00, 0x0100FF00, 0x0100FF00, 0x0100FF00, 0x0100FF00, 0x0100FF00, 0x0100FF00, 
  0x0100FF00, 0x0100FF00, 0x0100FF00, 0x0100FF00, 0x00000000, 0x00000000, 0x00000000, 0x00000000, 
  0x00000000, 0x00000000, 0x00000000, 0x00000000, 0x00000000, 0x00000000, 0x00000000, 0x00000000, 
  0x00000000, 0x00000000, 0x00000000, 0x00000000, 0x00000000, 0x00000000, 0x00000000, 0x00000000, 
  0x00000000, 0x00000000, 0x00000000, 0x00000000, 0x00000000, 0x00000000, 0x00000000, 0x00000000, 
  0x00000000, 0x00000000, 0x00000000, 0x00000000, 0x00000000, 0x00000000, 0x00000000, 0x00000000

};

static const uint32_t ICON_IMGVIEW[1024] = {
  0x00000000, 0x00000000, 0x00000000, 0x00000000, 0x00000000, 0x00000000, 0x00000000, 0x00000000, 
  0x00000000, 0x00000000, 0x00000000, 0x00000000, 0x00000000, 0x00000000, 0x00000000, 0x00000000, 
  0x00000000, 0x00000000, 0x00000000, 0x00000000, 0x00000000, 0x00000000, 0x00000000, 0x00000000, 
  0x00000000, 0x00000000, 0x00000000, 0x00000000, 0x00000000, 0x00000000, 0x00000000, 0x00000000, 
  0x00000000, 0x00000000, 0x00000000, 0x00000000, 0x00000000, 0x00000000, 0x0100FFFF, 0x0100FFFF, 
  0x0100FFFF, 0x0100FFFF, 0x0100FFFF, 0x0100FFFF, 0x0100FFFF, 0x0100FFFF, 0x0100FFFF, 0x0100FFFF, 
  0x0100FFFF, 0x0100FFFF, 0x0100FFFF, 0x0100FFFF, 0x0100FFFF, 0x0100FFFF, 0x0100FFFF, 0x0100FFFF, 
  0x0100FFFF, 0x0100FFFF, 0x00000000, 0x00000000, 0x00000000, 0x00000000, 0x00000000, 0x00000000, 
  0x00000000, 0x00000000, 0x00000000, 0x00000000, 0x0100FFFF, 0x0100FFFF, 0x00000000, 0x00000000, 
  0x00000000, 0x00000000, 0x00000000, 0x00000000, 0x00000000, 0x00000000, 0x00000000, 0x00000000, 
  0x00000000, 0x00000000, 0x00000000, 0x00000000, 0x00000000, 0x00000000, 0x00000000, 0x00000000, 
  0x00000000, 0x00000000, 0x0100FFFF, 0x0100FFFF, 0x00000000, 0x00000000, 0x00000000, 0x00000000, 
  0x00000000, 0x00000000, 0x00000000, 0x00000000, 0x00000000, 0x00000000, 0x0E48FFFF, 0x0E5BFFFF, 
  0x0E5BFFFF, 0x0E5BFFFF, 0x0E5BFFFF, 0x0E5BFFFF, 0x0E5BFFFF, 0x0E5BFFFF, 0x0E5BFFFF, 0x0E5BFFFF, 
  0x0E5BFFFF, 0x0E5BFFFF, 0x0E5BFFFF, 0x0E5BFFFF, 0x0E5BFFFF, 0x0E5BFFFF, 0x0E5BFFFF, 0x0E5BFFFF, 
  0x0E5BFFFF, 0x0E48FFFF, 0x00000000, 0x00000000, 0x00000000, 0x00000000, 0x00000000, 0x00000000, 
  0x00000000, 0x00000000, 0x01FFFFFF, 0x0100FFFF, 0x1C5BFFFF, 0xB055FFFF, 0xF055FFFF, 0xF154FFFF, 
  0xF154FFFF, 0xF154FFFF, 0xF154FFFF, 0xF154FFFF, 0xF154FFFF, 0xF154FFFF, 0xF154FFFF, 0xF154FFFF, 
  0xF154FFFF, 0xF154FFFF, 0xF154FFFF, 0xF154FFFF, 0xF154FFFF, 0xF154FFFF, 0xF154FFFF, 0xF154FFFF, 
  0xF154FFFF, 0xF055FFFF, 0xAF55FFFF, 0x1C51FFFF, 0x0100FFFF, 0x01FFFFFF, 0x00000000, 0x00000000, 
  0x00000000, 0x00000000, 0x027FFFFF, 0x01FFFFFF, 0xB155FFFF, 0xFF5EFFFF, 0xFF55FFFF, 0xFF56FFFF, 
  0xFF56FFFF, 0xFF56FFFF, 0xFF56FFFF, 0xFF56FFFF, 0xFF56FFFF, 0xFF56FFFF, 0xFF56FFFF, 0xFF56FFFF, 
  0xFF56FFFF, 0xFF56FFFF, 0xFF56FFFF, 0xFF56FFFF, 0xFF56FFFF, 0xFF56FFFF, 0xFF56FFFF, 0xFF56FFFF, 
  0xFF56FFFF, 0xFF55FFFF, 0xFF5EFFFF, 0xAF54FFFF, 0x01FFFFFF, 0x027FFFFF, 0x00000000, 0x00000000, 
  0x00000000, 0x0100FFFF, 0x00000000, 0x0C55FFFF, 0xF154FFFF, 0xFC56FFFF, 0xFD55FFFF, 0xFE55FFFF, 
  0xFE55FFFF, 0xFE55FFFF, 0xFE55FFFF, 0xFE55FFFF, 0xFE55FFFF, 0xFE55FFFF, 0xFE55FFFF, 0xFE55FFFF, 
  0xFE55FFFF, 0xFE55FFFF, 0xFE55FFFF, 0xFE55FFFF, 0xFE55FFFF, 0xFE55FFFF, 0xFE55FFFF, 0xFE55FFFF, 
  0xFE55FFFF, 0xFD55FFFF, 0xFC56FFFF, 0xF055FFFF, 0x0C55FFFF, 0x00000000, 0x0100FFFF, 0x00000000, 
  0x00000000, 0x0100FFFF, 0x00000000, 0x0E5BFFFF, 0xF154FFFF, 0xFF56FFFF, 0xFE55FFFF, 0xFF55FFFF, 
  0xFF55FFFF, 0xFF55FFFF, 0xFF55FFFF, 0xFF55FFFF, 0xFF55FFFF, 0xFF55FFFF, 0xFF55FFFF, 0xFF55FFFF, 
  0xFF55FFFF, 0xFF55FFFF, 0xFF55FFFF, 0xFF55FFFF, 0xFF55FFFF, 0xFF55FFFF, 0xFF55FFFF, 0xFF55FFFF, 
  0xFF55FFFF, 0xFE55FFFF, 0xFF56FFFF, 0xF154FFFF, 0x0E5BFFFF, 0x00000000, 0x0100FFFF, 0x00000000, 
  0x00000000, 0x0100FFFF, 0x00000000, 0x0E5BFFFF, 0xF154FFFF, 0xFF56FFFF, 0xFE55FFFF, 0xFF55FFFF, 
  0xFF55FFFF, 0xFF55FFFF, 0xFF55FFFF, 0xFF55FFFF, 0xFF55FFFF, 0xFF55FFFF, 0xFF55FFFF, 0xFF55FFFF, 
  0xFF55FFFF, 0xFF55FFFF, 0xFF55FFFF, 0xFF55FFFF, 0xFF55FFFF, 0xFF55FFFF, 0xFF55FFFF, 0xFF55FFFF, 
  0xFF55FFFF, 0xFE55FFFF, 0xFF56FFFF, 0xF154FFFF, 0x0E5BFFFF, 0x00000000, 0x0100FFFF, 0x00000000, 
  0x00000000, 0x0100FFFF, 0x00000000, 0x0E5BFFFF, 0xF154FFFF, 0xFF56FFFF, 0xFE55FFFF, 0xFF55FFFF, 
  0xFF55FFFF, 0xFF55FFFF, 0xFF55FFFF, 0xFF55FFFF, 0xFF55FFFF, 0xFF55FFFF, 0xFF55FFFF, 0xFF55FFFF, 
  0xFF55FFFF, 0xFF55FFFF, 0xFF55FFFF, 0xFF55FFFF, 0xFF55FFFF, 0xFF55FFFF, 0xFF55FFFF, 0xFF55FFFF, 
  0xFF55FFFF, 0xFE55FFFF, 0xFF56FFFF, 0xF154FFFF, 0x0E5BFFFF, 0x00000000, 0x0100FFFF, 0x00000000, 
  0x00000000, 0x0100FFFF, 0x00000000, 0x0E5BFFFF, 0xF154FFFF, 0xFF56FFFF, 0xFE55FFFF, 0xFF55FFFF, 
  0xFF55FFFF, 0xFF55FFFF, 0xFF55FFFF, 0xFF55FFFF, 0xFF55FFFF, 0xFF55FFFF, 0xFF55FFFF, 0xFF55FFFF, 
  0xFF55FFFF, 0xFF55FFFF, 0xFF55FFFF, 0xFF55FFFF, 0xFF55FFFF, 0xFF55FFFF, 0xFF55FFFF, 0xFF55FFFF, 
  0xFF55FFFF, 0xFE55FFFF, 0xFF56FFFF, 0xF154FFFF, 0x0E5BFFFF, 0x00000000, 0x0100FFFF, 0x00000000, 
  0x00000000, 0x0100FFFF, 0x00000000, 0x0E5BFFFF, 0xF154FFFF, 0xFF56FFFF, 0xFE55FFFF, 0xFF55FFFF, 
  0xFF55FFFF, 0xFF55FFFF, 0xFF55FFFF, 0xFF55FFFF, 0xFF55FFFF, 0xFF55FFFF, 0xFF55FFFF, 0xFF55FFFF, 
  0xFF55FFFF, 0xFF55FFFF, 0xFF55FFFF, 0xFF55FFFF, 0xFF55FFFF, 0xFF55FFFF, 0xFF55FFFF, 0xFF55FFFF, 
  0xFF55FFFF, 0xFE55FFFF, 0xFF56FFFF, 0xF154FFFF, 0x0E5BFFFF, 0x00000000, 0x0100FFFF, 0x00000000, 
  0x00000000, 0x0100FFFF, 0x00000000, 0x0E5BFFFF, 0xF154FFFF, 0xFF56FFFF, 0xFE55FFFF, 0xFF55FFFF, 
  0xFF55FFFF, 0xFF55FFFF, 0xFF55FFFF, 0xFF55FFFF, 0xFF55FFFF, 0xFF55FFFF, 0xFF55FFFF, 0xFF55FFFF, 
  0xFF55FFFF, 0xFF55FFFF, 0xFF55FFFF, 0xFF55FFFF, 0xFF55FFFF, 0xFF55FFFF, 0xFF55FFFF, 0xFF55FFFF, 
  0xFF55FFFF, 0xFE55FFFF, 0xFF56FFFF, 0xF154FFFF, 0x0E5BFFFF, 0x00000000, 0x0100FFFF, 0x00000000, 
  0x00000000, 0x0100FFFF, 0x00000000, 0x0E5BFFFF, 0xF154FFFF, 0xFF56FFFF, 0xFE55FFFF, 0xFF55FFFF, 
  0xFF55FFFF, 0xFF55FFFF, 0xFF55FFFF, 0xFF55FFFF, 0xFF55FFFF, 0xFF55FFFF, 0xFF55FFFF, 0xFF55FFFF, 
  0xFF55FFFF, 0xFF55FFFF, 0xFF55FFFF, 0xFF55FFFF, 0xFF55FFFF, 0xFF55FFFF, 0xFF55FFFF, 0xFF55FFFF, 
  0xFF55FFFF, 0xFE55FFFF, 0xFF56FFFF, 0xF154FFFF, 0x0E5BFFFF, 0x00000000, 0x0100FFFF, 0x00000000, 
  0x00000000, 0x0100FFFF, 0x00000000, 0x0E5BFFFF, 0xF154FFFF, 0xFF56FFFF, 0xFE55FFFF, 0xFF55FFFF, 
  0xFF55FFFF, 0xFF55FFFF, 0xFF55FFFF, 0xFF55FFFF, 0xFF55FFFF, 0xFF55FFFF, 0xFF55FFFF, 0xFF55FFFF, 
  0xFF55FFFF, 0xFF55FFFF, 0xFE55FFFF, 0xFE55FFFF, 0xFF55FFFF, 0xFF55FFFF, 0xFF55FFFF, 0xFF55FFFF, 
  0xFF55FFFF, 0xFE55FFFF, 0xFF56FFFF, 0xF154FFFF, 0x0E5BFFFF, 0x00000000, 0x0100FFFF, 0x00000000, 
  0x00000000, 0x0100FFFF, 0x00000000, 0x0E5BFFFF, 0xF154FFFF, 0xFF56FFFF, 0xFE55FFFF, 0xFF55FFFF, 
  0xFF55FFFF, 0xFF55FFFF, 0xFF55FFFF, 0xFF55FFFF, 0xFF55FFFF, 0xFF55FFFF, 0xFF55FFFF, 0xFF55FFFF, 
  0xFF55FFFF, 0xFE55FFFF, 0xFF56FFFF, 0xFF57FFFF, 0xFF55FFFF, 0xFF55FFFF, 0xFF55FFFF, 0xFF55FFFF, 
  0xFF55FFFF, 0xFE55FFFF, 0xFF56FFFF, 0xF154FFFF, 0x0E5BFFFF, 0x00000000, 0x0100FFFF, 0x00000000, 
  0x00000000, 0x0100FFFF, 0x00000000, 0x0E5BFFFF, 0xF154FFFF, 0xFF56FFFF, 0xFE55FFFF, 0xFF55FFFF, 
  0xFF55FFFF, 0xFF55FFFF, 0xFE55FFFF, 0xFE55FFFF, 0xFE55FFFF, 0xFF55FFFF, 0xFF55FFFF, 0xFF55FFFF, 
  0xFD54FFFF, 0xFF59FFFF, 0xD155FFFF, 0x6754FFFF, 0xFF56FFFF, 0xFD55FFFF, 0xFE55FFFF, 0xFF55FFFF, 
  0xFF55FFFF, 0xFE55FFFF, 0xFF56FFFF, 0xF154FFFF, 0x0E5BFFFF, 0x00000000, 0x0100FFFF, 0x00000000, 
  0x00000000, 0x0100FFFF, 0x00000000, 0x0E5BFFFF, 0xF154FFFF, 0xFF56FFFF, 0xFE55FFFF, 0xFF55FFFF, 
  0xFF55FFFF, 0xFE55FFFF, 0xFF56FFFF, 0xFF57FFFF, 0xFF56FFFF, 0xFF55FFFF, 0xFF55FFFF, 0xFE55FFFF, 
  0xFD56FFFF, 0xF757FFFF, 0x3B56FFFF, 0x00000000, 0x8A55FFFF, 0xFF5AFFFF, 0xFB55FFFF, 0xFF55FFFF, 
  0xFF55FFFF, 0xFE55FFFF, 0xFF56FFFF, 0xF154FFFF, 0x0E5BFFFF, 0x00000000, 0x0100FFFF, 0x00000000, 
  0x00000000, 0x0100FFFF, 0x00000000, 0x0E5BFFFF, 0xF154FFFF, 0xFF56FFFF, 0xFE55FFFF, 0xFF55FFFF, 
  0xFD54FFFF, 0xFF59FFFF, 0xD255FFFF, 0x5F55FFFF, 0xFB55FFFF, 0xFD56FFFF, 0xFD54FFFF, 0xFC55FFFF, 
  0xFF59FFFF, 0x6652FFFF, 0x00000000, 0x0566FFFF, 0x047FFFFF, 0xBF55FFFF, 0xFF59FFFF, 0xFC55FFFF, 
  0xFF55FFFF, 0xFE55FFFF, 0xFF56FFFF, 0xF154FFFF, 0x0E5BFFFF, 0x00000000, 0x0100FFFF, 0x00000000, 
  0x00000000, 0x0100FFFF, 0x00000000, 0x0E5BFFFF, 0xF154FFFF, 0xFF56FFFF, 0xFE55FFFF, 0xFE55FFFF, 
  0xFD56FFFF, 0xF658FFFF, 0x3B56FFFF, 0x00000000, 0x6B55FFFF, 0xFF59FFFF, 0xF855FFFF, 0xFF5AFFFF, 
  0x9B53FFFF, 0x00000000, 0x0355FFFF, 0x0355FFFF, 0x00000000, 0x2057FFFF, 0xE956FFFF, 0xFE57FFFF, 
  0xFD54FFFF, 0xFE55FFFF, 0xFF56FFFF, 0xF154FFFF, 0x0E5BFFFF, 0x00000000, 0x0100FFFF, 0x00000000, 
  0x00000000, 0x0100FFFF, 0x00000000, 0x0E5BFFFF, 0xF154FFFF, 0xFF56FFFF, 0xFD55FFFF, 0xFC55FFFF, 
  0xFF59FFFF, 0x6652FFFF, 0x00000000, 0x0748FFFF, 0x00000000, 0x8F53FFFF, 0xFF5FFFFF, 0xC655FFFF, 
  0x0A4CFFFF, 0x027FFFFF, 0x0100FFFF, 0x00000000, 0x0355FFFF, 0x00000000, 0x4E51FFFF, 0xFF58FFFF, 
  0xFC56FFFF, 0xFD54FFFF, 0xFF56FFFF, 0xF154FFFF, 0x0E5BFFFF, 0x00000000, 0x0100FFFF, 0x00000000, 
  0x00000000, 0x0100FFFF, 0x00000000, 0x0E5BFFFF, 0xF154FFFF, 0xFF56FFFF, 0xFB55FFFF, 0xFF5AFFFF, 
  0x9A54FFFF, 0x00000000, 0x043FFFFF, 0x0355FFFF, 0x0355FFFF, 0x0355FFFF, 0x9D56FFFF, 0x2E53FFFF, 
  0x00000000, 0x0355FFFF, 0x0100FFFF, 0x0100FFFF, 0x0100FFFF, 0x0533FFFF, 0x00000000, 0x8A53FFFF, 
  0xFF5BFFFF, 0xFB55FFFF, 0xFF56FFFF, 0xF154FFFF, 0x0E5BFFFF, 0x00000000, 0x0100FFFF, 0x00000000, 
  0x00000000, 0x0100FFFF, 0x00000000, 0x0E5BFFFF, 0xF154FFFF, 0xFF55FFFF, 0xFF59FFFF, 0xC454FFFF, 
  0x0655FFFF, 0x00000000, 0x00000000, 0x00000000, 0x00000000, 0x00000000, 0x00000000, 0x00000000, 
  0x00000000, 0x00000000, 0x00000000, 0x00000000, 0x00000000, 0x00000000, 0x00000000, 0x0100FFFF, 
  0xBB55FFFF, 0xFF59FFFF, 0xFF55FFFF, 0xF154FFFF, 0x0E5BFFFF, 0x00000000, 0x0100FFFF, 0x00000000, 
  0x00000000, 0x0100FFFF, 0x00000000, 0x0E5BFFFF, 0xF055FFFF, 0xFF57FFFF, 0xEB55FFFF, 0x3153FFFF, 
  0x0C55FFFF, 0x104FFFFF, 0x0D62FFFF, 0x0E5BFFFF, 0x0E5BFFFF, 0x0E5BFFFF, 0x0F55FFFF, 0x0F55FFFF, 
  0x0E5BFFFF, 0x0E5BFFFF, 0x0E5BFFFF, 0x0E5BFFFF, 0x0E5BFFFF, 0x0D62FFFF, 0x104FFFFF, 0x0D4EFFFF, 
  0x2E53FFFF, 0xE955FFFF, 0xFF57FFFF, 0xF055FFFF, 0x0E5BFFFF, 0x00000000, 0x0100FFFF, 0x00000000, 
  0x00000000, 0x0100FFFF, 0x00000000, 0x0E5BFFFF, 0xF055FFFF, 0xFF56FFFF, 0xF855FFFF, 0xED55FFFF, 
  0xF255FFFF, 0xF154FFFF, 0xF154FFFF, 0xF154FFFF, 0xF154FFFF, 0xF154FFFF, 0xF255FFFF, 0xF154FFFF, 
  0xF154FFFF, 0xF154FFFF, 0xF154FFFF, 0xF154FFFF, 0xF154FFFF, 0xF154FFFF, 0xF154FFFF, 0xF255FFFF, 
  0xED55FFFF, 0xF755FFFF, 0xFF56FFFF, 0xF154FFFF, 0x0E5BFFFF, 0x00000000, 0x0100FFFF, 0x00000000, 
  0x00000000, 0x0100FFFF, 0x00000000, 0x0C55FFFF, 0xF055FFFF, 0xFC56FFFF, 0xFF55FFFF, 0xFF56FFFF, 
  0xFF56FFFF, 0xFF56FFFF, 0xFF56FFFF, 0xFF56FFFF, 0xFF56FFFF, 0xFF56FFFF, 0xFF56FFFF, 0xFF56FFFF, 
  0xFF56FFFF, 0xFF56FFFF, 0xFF56FFFF, 0xFF56FFFF, 0xFF56FFFF, 0xFF56FFFF, 0xFF56FFFF, 0xFF56FFFF, 
  0xFF56FFFF, 0xFF55FFFF, 0xFC56FFFF, 0xF055FFFF, 0x0C55FFFF, 0x00000000, 0x0100FFFF, 0x00000000, 
  0x00000000, 0x00000000, 0x027FFFFF, 0x01FFFFFF, 0xB055FFFF, 0xFF5EFFFF, 0xFF55FFFF, 0xFF56FFFF, 
  0xFF56FFFF, 0xFF56FFFF, 0xFF56FFFF, 0xFF56FFFF, 0xFF56FFFF, 0xFF56FFFF, 0xFF56FFFF, 0xFF56FFFF, 
  0xFF56FFFF, 0xFF56FFFF, 0xFF56FFFF, 0xFF56FFFF, 0xFF56FFFF, 0xFF56FFFF, 0xFF56FFFF, 0xFF56FFFF, 
  0xFF56FFFF, 0xFF55FFFF, 0xFF5EFFFF, 0xAE55FFFF, 0x01FFFFFF, 0x027FFFFF, 0x00000000, 0x00000000, 
  0x00000000, 0x00000000, 0x01FFFFFF, 0x0100FFFF, 0x1C51FFFF, 0xAE56FFFF, 0xF055FFFF, 0xF154FFFF, 
  0xF154FFFF, 0xF154FFFF, 0xF154FFFF, 0xF154FFFF, 0xF154FFFF, 0xF154FFFF, 0xF154FFFF, 0xF154FFFF, 
  0xF154FFFF, 0xF154FFFF, 0xF154FFFF, 0xF154FFFF, 0xF154FFFF, 0xF154FFFF, 0xF154FFFF, 0xF154FFFF, 
  0xF154FFFF, 0xF055FFFF, 0xAE56FFFF, 0x1C51FFFF, 0x0100FFFF, 0x01FFFFFF, 0x00000000, 0x00000000, 
  0x00000000, 0x00000000, 0x00000000, 0x00000000, 0x00000000, 0x00000000, 0x0E48FFFF, 0x0E5BFFFF, 
  0x0E5BFFFF, 0x0E5BFFFF, 0x0E5BFFFF, 0x0E5BFFFF, 0x0E5BFFFF, 0x0E5BFFFF, 0x0E5BFFFF, 0x0E5BFFFF, 
  0x0E5BFFFF, 0x0E5BFFFF, 0x0E5BFFFF, 0x0E5BFFFF, 0x0E5BFFFF, 0x0E5BFFFF, 0x0E5BFFFF, 0x0E5BFFFF, 
  0x0E5BFFFF, 0x0D4EFFFF, 0x00000000, 0x00000000, 0x00000000, 0x00000000, 0x00000000, 0x00000000, 
  0x00000000, 0x00000000, 0x00000000, 0x00000000, 0x0100FFFF, 0x0100FFFF, 0x00000000, 0x00000000, 
  0x00000000, 0x00000000, 0x00000000, 0x00000000, 0x00000000, 0x00000000, 0x00000000, 0x00000000, 
  0x00000000, 0x00000000, 0x00000000, 0x00000000, 0x00000000, 0x00000000, 0x00000000, 0x00000000, 
  0x00000000, 0x00000000, 0x0100FFFF, 0x0100FFFF, 0x00000000, 0x00000000, 0x00000000, 0x00000000, 
  0x00000000, 0x00000000, 0x00000000, 0x00000000, 0x00000000, 0x00000000, 0x0100FFFF, 0x0100FFFF, 
  0x0100FFFF, 0x0100FFFF, 0x0100FFFF, 0x0100FFFF, 0x0100FFFF, 0x0100FFFF, 0x0100FFFF, 0x0100FFFF, 
  0x0100FFFF, 0x0100FFFF, 0x0100FFFF, 0x0100FFFF, 0x0100FFFF, 0x0100FFFF, 0x0100FFFF, 0x0100FFFF, 
  0x0100FFFF, 0x0100FFFF, 0x00000000, 0x00000000, 0x00000000, 0x00000000, 0x00000000, 0x00000000, 
  0x00000000, 0x00000000, 0x00000000, 0x00000000, 0x00000000, 0x00000000, 0x00000000, 0x00000000, 
  0x00000000, 0x00000000, 0x00000000, 0x00000000, 0x00000000, 0x00000000, 0x00000000, 0x00000000, 
  0x00000000, 0x00000000, 0x00000000, 0x00000000, 0x00000000, 0x00000000, 0x00000000, 0x00000000, 
  0x00000000, 0x00000000, 0x00000000, 0x00000000, 0x00000000, 0x00000000, 0x00000000, 0x00000000

};

static const uint32_t* const g_icon_pixels[ICON_COUNT] = {
  ICON_SYSMON,
  ICON_CALC,
  ICON_EDITOR,
  ICON_FILES,
  ICON_CLOCK,
  ICON_CALENDAR,
  ICON_SETTINGS,
  ICON_TERMINAL,
  ICON_IMGVIEW,
};

static const char* const g_icon_labels[ICON_COUNT] = {
  "SysMon",
  "Calc",
  "Editor",
  "Files",
  "Clock",
  "Calendar",
  "Settings",
  "Terminal",
  "ImgViewer",
};

#endif
